scenario,REGION6,peak_prevalence_A,peak_prevalence_C,final_attack_rate_A,final_attack_rate_C,time_to_peak_A,time_to_peak_C,attack_rate_diff,attack_rate_ratio,peak_prevalence_ratio,time_to_peak_diff,equalize_symp,case_rate_A,case_rate_C,case_rate_diff,case_rate_ratio,epidemic_scen,scenario_8
"Full model
(all factors)",1,0.02819792111249603,0.009752506359549579,0.49616031588619675,0.24498901060510983,68,108,0.2511713052810869,2.025234987727438,2.8913512150530254,-40,TRUE,0.24808015794309832,0.12249450530255489,0.12558565264054344,2.025234987727438,"Full model
(all factors)","HH + Vaccination
(no obesity)"
"Full model
(all factors)",2,0.028437295624335748,0.00905038862397964,0.4965020063255066,0.2341473090961439,68,109,0.2623546972293627,2.1204685556374963,3.142107682424723,-41,TRUE,0.24825100316275325,0.11707365454807192,0.13117734861468133,2.1204685556374963,"Full model
(all factors)","HH + Vaccination
(no obesity)"
"Full model
(all factors)",3,0.017452869746876504,0.008849515887344048,0.3967546137255248,0.23311913208603327,86,111,0.16363548163949151,1.7019393053466816,1.972183559988447,-25,TRUE,0.19837730686276234,0.11655956604301661,0.08181774081974573,1.7019393053466816,"Full model
(all factors)","HH + Vaccination
(no obesity)"
"Full model
(all factors)",4,0.02642352579037388,0.014730583709163135,0.47108544060108953,0.30061630929472877,75,97,0.17046913130636077,1.5670654786039244,1.793786744101469,-22,TRUE,0.2355427203005447,0.15030815464736436,0.08523456565318036,1.5670654786039244,"Full model
(all factors)","HH + Vaccination
(no obesity)"
"Full model
(all factors)",5,0.03320383811924392,0.013341334926254765,0.5277924837452543,0.28067141857571126,66,97,0.24712106516954307,1.8804639475710707,2.488794285038239,-31,TRUE,0.2638962418726271,0.1403357092878556,0.12356053258477151,1.8804639475710707,"Full model
(all factors)","HH + Vaccination
(no obesity)"
"Full model
(all factors)",6,0.04714493338232043,0.022814284796172105,0.5967694369606457,0.3629027027287789,58,81,0.23386673423186677,1.6444337076394022,2.066465541371284,-23,TRUE,0.2983847184803228,0.18145135136438942,0.11693336711593336,1.644433707639402,"Full model
(all factors)","HH + Vaccination
(no obesity)"
"Household
structure only",1,0.022217394842450156,0.009635090353914987,0.4490285801837128,0.24448026238937373,76,109,0.20454831779433905,1.8366659778389933,2.305883393550394,-33,TRUE,0.22451429009185633,0.12224013119468684,0.1022741588971695,1.8366659778389933,"Household
structure only","Household
structure only"
"Household
structure only",2,0.02212416180494005,0.008881440062234918,0.44868412494900134,0.23337373964630181,76,111,0.21531038530269953,1.9225990277613116,2.491055690283265,-35,TRUE,0.22434206247450061,0.11668686982315088,0.10765519265134973,1.9225990277613116,"Household
structure only","Household
structure only"
"Household
structure only",3,0.014071984978109561,0.008655062888297094,0.348805789841544,0.23193876185618004,96,113,0.11686702798536394,1.5038701899160372,1.6258674442605074,-17,TRUE,0.17440289492077196,0.11596938092808999,0.05843351399268197,1.5038701899160372,"Household
structure only","Household
structure only"
"Household
structure only",4,0.022291384615290233,0.014599913740536185,0.42545816171533535,0.3001192019469357,83,97,0.12533895976839965,1.4176305912960574,1.5268161861394378,-14,TRUE,0.21272908085766762,0.15005960097346782,0.0626694798841998,1.4176305912960574,"Household
structure only","Household
structure only"
"Household
structure only",5,0.026752638514571856,0.013005015508214347,0.48122231272152666,0.27949117617419383,74,99,0.20173113654733282,1.7217799835712997,2.05710162342168,-25,TRUE,0.24061115636076327,0.1397455880870969,0.10086556827366638,1.7217799835712995,"Household
structure only","Household
structure only"
"Household
structure only",6,0.039944240690235264,0.022472890381283403,0.5553085856279512,0.3621496447943004,64,82,0.19315894083365076,1.5333677489684252,1.7774411752349806,-18,TRUE,0.2776542928139755,0.18107482239715017,0.09657947041682535,1.5333677489684252,"Household
structure only","Household
structure only"
"Null
(all equal)",1,0.009284195731445424,0.00928419573174099,0.2422267781167937,0.24222677811252297,111,111,4.270722664401205e-12,1.000000000017631,0.9999999999681647,0,TRUE,0.12111338905839682,0.12111338905626146,2.1353613322006026e-12,1.000000000017631,"Null
(all equal)","Null
(all equal)"
"Null
(all equal)",2,0.008354988778254881,0.008354988778285666,0.22976992734479038,0.22976992734432805,114,114,4.623246230295308e-13,1.0000000000020122,0.9999999999963154,0,TRUE,0.11488496367239516,0.114884963672164,2.311623115147654e-13,1.0000000000020122,"Null
(all equal)","Null
(all equal)"
"Null
(all equal)",3,0.008301174998106627,0.008301174998001475,0.22893530525315295,0.22893530525505953,114,114,-1.9065860001887813e-12,0.999999999991672,1.0000000000126672,0,TRUE,0.11446765262657645,0.11446765262752974,-9.532930000943907e-13,0.999999999991672,"Null
(all equal)","Null
(all equal)"
"Null
(all equal)",4,0.014337826064948688,0.014337826064997356,0.29872778797911254,0.29872778797876837,98,98,3.4416913763379853e-13,1.0000000000011522,0.9999999999966056,0,TRUE,0.14936389398955624,0.14936389398938416,1.7208456881689926e-13,1.0000000000011522,"Null
(all equal)","Null
(all equal)"
"Null
(all equal)",5,0.011989190559092892,0.011989190559006798,0.2740903443331446,0.27409034433405693,103,103,-9.123257704857224e-13,0.9999999999966714,1.000000000007181,0,TRUE,0.13704517216657228,0.13704517216702844,-4.561628852428612e-13,0.9999999999966714,"Null
(all equal)","Null
(all equal)"
"Null
(all equal)",6,0.021380760189428916,0.021380760189674712,0.3585154967203216,0.3585154967197813,85,85,5.403455460850637e-13,1.0000000000015072,0.9999999999885039,0,TRUE,0.17925774836016078,0.1792577483598906,2.7017277304253184e-13,1.0000000000015072,"Null
(all equal)","Null
(all equal)"
"Vaccination
disparity only",1,0.011010905979607218,0.009330005998058003,0.28124296375084645,0.2426541325380176,107,111,0.038588831212828856,1.1590281229056876,1.1801606539051621,-4,TRUE,0.1406214818754232,0.12132706626900877,0.019294415606414428,1.1590281229056876,"Vaccination
disparity only","Vaccination
disparity only"
"Vaccination
disparity only",2,0.009976582770678482,0.008417576078669924,0.2681842606181095,0.2304085645714745,110,114,0.03777569604663503,1.1639509196061881,1.1852085062776052,-4,TRUE,0.13409213030905473,0.11520428228573722,0.018887848023317513,1.1639509196061881,"Vaccination
disparity only","Vaccination
disparity only"
"Vaccination
disparity only",3,0.00995087170996921,0.008396737910068825,0.267583354224124,0.22991124726672,110,114,0.037672106957404,1.1638549979840724,1.185087806305919,-4,TRUE,0.13379167711206197,0.11495562363335997,0.018836053478702,1.1638549979840724,"Vaccination
disparity only","Vaccination
disparity only"
"Vaccination
disparity only",4,0.01669800848188172,0.014408912566151082,0.34042439208368114,0.2991872955185261,94,98,0.04123709656515506,1.1378303730901622,1.1588666670868766,-4,TRUE,0.17021219604184054,0.149593647759263,0.02061854828257753,1.1378303730901622,"Vaccination
disparity only","Vaccination
disparity only"
"Vaccination
disparity only",5,0.014162436746225601,0.012136403116023436,0.3153939807275962,0.2751873958638489,99,103,0.04020658486374734,1.1461062006038965,1.1669385575638334,-4,TRUE,0.15769699036379808,0.1375936979319244,0.02010329243187367,1.1461062006038965,"Vaccination
disparity only","Vaccination
disparity only"
"Vaccination
disparity only",6,0.024569740182226168,0.021558764127215597,0.40172744580949293,0.359321997351322,82,85,0.04240544845817096,1.1180151751653258,1.1396636670471079,-3,TRUE,0.2008637229047464,0.17966099867566096,0.02120272422908545,1.1180151751653256,"Vaccination
disparity only","Vaccination
disparity only"
"Full model
(all factors)",1,0.02819792111249603,0.009752506359549579,0.49616031588619675,0.24498901060510983,68,108,0.2511713052810869,2.025234987727438,2.8913512150530254,-40,FALSE,0.25559541538498337,0.12249450530255489,0.13310091008242847,2.0865867799839375,"Full model
(all factors)","Full model
(all factors)"
"Full model
(all factors)",2,0.028437295624335748,0.00905038862397964,0.4965020063255066,0.2341473090961439,68,109,0.2623546972293627,2.1204685556374963,3.142107682424723,-41,FALSE,0.25577143613265746,0.11707365454807192,0.13869778158458554,2.1847053217906893,"Full model
(all factors)","Full model
(all factors)"
"Full model
(all factors)",3,0.017452869746876504,0.008849515887344048,0.3967546137255248,0.23311913208603327,86,111,0.16363548163949151,1.7019393053466816,1.972183559988447,-25,FALSE,0.20438688273558747,0.11655956604301661,0.08782731669257086,1.7534972861872011,"Full model
(all factors)","Full model
(all factors)"
"Full model
(all factors)",4,0.02642352579037388,0.014730583709163135,0.47108544060108953,0.30061630929472877,75,97,0.17046913130636077,1.5670654786039244,1.793786744101469,-22,FALSE,0.24267817279419615,0.15030815464736436,0.0923700181468318,1.6145376367871702,"Full model
(all factors)","Full model
(all factors)"
"Full model
(all factors)",5,0.03320383811924392,0.013341334926254765,0.5277924837452543,0.28067141857571126,66,97,0.24712106516954307,1.8804639475710707,2.488794285038239,-31,FALSE,0.2718906264782418,0.1403357092878556,0.1315549171903862,1.9374300942929763,"Full model
(all factors)","Full model
(all factors)"
"Full model
(all factors)",6,0.04714493338232043,0.022814284796172105,0.5967694369606457,0.3629027027287789,58,81,0.23386673423186677,1.6444337076394022,2.066465541371284,-23,FALSE,0.3074238854765739,0.18145135136438942,0.12597253411218448,1.6942496331107904,"Full model
(all factors)","Full model
(all factors)"
"Household
structure only",1,0.022217394842450156,0.009635090353914987,0.4490285801837128,0.24448026238937373,76,109,0.20454831779433905,1.8366659778389933,2.305883393550394,-33,FALSE,0.2313156510044424,0.12224013119468684,0.10907551980975556,1.892305323495076,"Household
structure only","HH structure
+ Obesity"
"Household
structure only",2,0.02212416180494005,0.008881440062234918,0.44868412494900134,0.23337373964630181,76,111,0.21531038530269953,1.9225990277613116,2.491055690283265,-35,FALSE,0.23113820598117335,0.11668686982315088,0.11445133615802247,1.9808416005286922,"Household
structure only","HH structure
+ Obesity"
"Household
structure only",3,0.014071984978109561,0.008655062888297094,0.348805789841544,0.23193876185618004,96,113,0.11686702798536394,1.5038701899160372,1.6258674442605074,-17,FALSE,0.17968619796607338,0.11596938092808999,0.06371681703798339,1.5494279311320351,"Household
structure only","HH structure
+ Obesity"
"Household
structure only",4,0.022291384615290233,0.014599913740536185,0.42545816171533535,0.3001192019469357,83,97,0.12533895976839965,1.4176305912960574,1.5268161861394378,-14,FALSE,0.21917342457816644,0.15005960097346782,0.06911382360469862,1.460575818916903,"Household
structure only","HH structure
+ Obesity"
"Household
structure only",5,0.026752638514571856,0.013005015508214347,0.48122231272152666,0.27949117617419383,74,99,0.20173113654733282,1.7217799835712997,2.05710162342168,-25,FALSE,0.24790015036348217,0.1397455880870969,0.10815456227638529,1.7739390112908437,"Household
structure only","HH structure
+ Obesity"
"Household
structure only",6,0.039944240690235264,0.022472890381283403,0.5553085856279512,0.3621496447943004,64,82,0.19315894083365076,1.5333677489684252,1.7774411752349806,-18,FALSE,0.28606545921939264,0.18107482239715017,0.10499063682224247,1.5798190793856874,"Household
structure only","HH structure
+ Obesity"
"Null
(all equal)",1,0.009284195731445424,0.00928419573174099,0.2422267781167937,0.24222677811252297,111,111,4.270722664401205e-12,1.000000000017631,0.9999999999681647,0,FALSE,0.12478235761267277,0.12111338905626146,0.0036689685564113145,1.0302936660017576,"Null
(all equal)","Obesity
disparity only"
"Null
(all equal)",2,0.008354988778254881,0.008354988778285666,0.22976992734479038,0.22976992734432805,114,114,4.623246230295308e-13,1.0000000000020122,0.9999999999963154,0,FALSE,0.11836525038842385,0.114884963672164,0.003480286716259856,1.0302936659856656,"Null
(all equal)","Obesity
disparity only"
"Null
(all equal)",3,0.008301174998106627,0.008301174998001475,0.22893530525315295,0.22893530525505953,114,114,-1.9065860001887813e-12,0.999999999991672,1.0000000000126672,0,FALSE,0.11793529746117185,0.11446765262752974,0.0034676448336421056,1.0302936659750122,"Null
(all equal)","Obesity
disparity only"
"Null
(all equal)",4,0.014337826064948688,0.014337826064997356,0.29872778797911254,0.29872778797876837,98,98,3.4416913763379853e-13,1.0000000000011522,0.9999999999966056,0,FALSE,0.15388867390408456,0.14936389398938416,0.004524779914700405,1.0302936659847794,"Null
(all equal)","Obesity
disparity only"
"Null
(all equal)",5,0.011989190559092892,0.011989190559006798,0.2740903443331446,0.27409034433405693,103,103,-9.123257704857224e-13,0.9999999999966714,1.000000000007181,0,FALSE,0.14119677283685034,0.13704517216702844,0.004151600669821898,1.0302936659801631,"Null
(all equal)","Obesity
disparity only"
"Null
(all equal)",6,0.021380760189428916,0.021380760189674712,0.3585154967203216,0.3585154967197813,85,85,5.403455460850637e-13,1.0000000000015072,0.9999999999885039,0,FALSE,0.18468812271395435,0.1792577483598906,0.005430374354063738,1.0302936659851452,"Null
(all equal)","Obesity
disparity only"
"Vaccination
disparity only",1,0.011010905979607218,0.009330005998058003,0.28124296375084645,0.2426541325380176,107,111,0.038588831212828856,1.1590281229056876,1.1801606539051621,-4,FALSE,0.14488142207747506,0.12132706626900877,0.023554355808466293,1.1941393337265827,"Vaccination
disparity only","Vaccination
+ Obesity"
"Vaccination
disparity only",2,0.009976582770678482,0.008417576078669924,0.2681842606181095,0.2304085645714745,110,114,0.03777569604663503,1.1639509196061881,1.1852085062776052,-4,FALSE,0.1381542725156656,0.11520428228573722,0.02294999022992837,1.1992112599860334,"Vaccination
disparity only","Vaccination
+ Obesity"
"Vaccination
disparity only",3,0.00995087170996921,0.008396737910068825,0.267583354224124,0.22991124726672,110,114,0.037672106957404,1.1638549979840724,1.185087806305919,-4,FALSE,0.13784471748987942,0.11495562363335997,0.022889093856519452,1.1991124325463367,"Vaccination
disparity only","Vaccination
+ Obesity"
"Vaccination
disparity only",4,0.01669800848188172,0.014408912566151082,0.34042439208368114,0.2991872955185261,94,98,0.04123709656515506,1.1378303730901622,1.1588666670868766,-4,FALSE,0.1753685474550658,0.149593647759263,0.025774899695802794,1.172299426358542,"Vaccination
disparity only","Vaccination
+ Obesity"
"Vaccination
disparity only",5,0.014162436746225601,0.012136403116023436,0.3153939807275962,0.2751873958638489,99,103,0.04020658486374734,1.1461062006038965,1.1669385575638334,-4,FALSE,0.16247421031649675,0.1375936979319244,0.02488051238457234,1.1808259590267147,"Vaccination
disparity only","Vaccination
+ Obesity"
"Vaccination
disparity only",6,0.024569740182226168,0.021558764127215597,0.40172744580949293,0.359321997351322,82,85,0.04240544845817096,1.1180151751653258,1.1396636670471079,-3,FALSE,0.20694862143464368,0.17966099867566096,0.02728762275898272,1.1518839534463716,"Vaccination
disparity only","Vaccination
+ Obesity"
