commodity,week,day,lbs
Apples,1,1,49523.80952380953
Apples,1,2,49523.80952380953
Apples,1,3,49523.80952380953
Apples,1,4,49523.80952380953
Apples,1,5,49523.80952380953
Apples,1,6,49523.80952380953
Apples,1,7,49523.80952380953
Apples,2,8,34285.71428571428
Apples,2,9,34285.71428571428
Apples,2,10,34285.71428571428
Apples,2,11,34285.71428571428
Apples,2,12,34285.71428571428
Apples,2,13,34285.71428571428
Apples,2,14,34285.71428571428
Apples,3,15,40000
Apples,3,16,40000
Apples,3,17,40000
Apples,3,18,40000
Apples,3,19,40000
Apples,3,20,40000
Apples,3,21,40000
Apples,4,22,40000
Apples,4,23,40000
Apples,4,24,40000
Apples,4,25,40000
Apples,4,26,40000
Apples,4,27,40000
Apples,4,28,40000
Apples,5,29,31428.571428571428
Apples,5,30,31428.571428571428
Apples,5,31,31428.571428571428
Apples,5,32,31428.571428571428
Apples,5,33,31428.571428571428
Apples,5,34,31428.571428571428
Apples,5,35,31428.571428571428
Apples,7,43,8571.42857142857
Apples,7,44,8571.42857142857
Apples,7,45,8571.42857142857
Apples,7,46,8571.42857142857
Apples,7,47,8571.42857142857
Apples,7,48,8571.42857142857
Apples,7,49,8571.42857142857
Apples,8,50,68571.42857142857
Apples,8,51,68571.42857142857
Apples,8,52,68571.42857142857
Apples,8,53,68571.42857142857
Apples,8,54,68571.42857142857
Apples,8,55,68571.42857142857
Apples,8,56,68571.42857142857
Apples,9,57,17142.85714285714
Apples,9,58,17142.85714285714
Apples,9,59,17142.85714285714
Apples,9,60,17142.85714285714
Apples,9,61,17142.85714285714
Apples,9,62,17142.85714285714
Apples,9,63,17142.85714285714
Apples,10,64,11428.57142857143
Apples,10,65,11428.57142857143
Apples,10,66,11428.57142857143
Apples,10,67,11428.57142857143
Apples,10,68,11428.57142857143
Apples,10,69,11428.57142857143
Apples,10,70,11428.57142857143
Apples,11,71,17142.85714285714
Apples,11,72,17142.85714285714
Apples,11,73,17142.85714285714
Apples,11,74,17142.85714285714
Apples,11,75,17142.85714285714
Apples,11,76,17142.85714285714
Apples,11,77,17142.85714285714
Apples,12,78,17142.85714285714
Apples,12,79,17142.85714285714
Apples,12,80,17142.85714285714
Apples,12,81,17142.85714285714
Apples,12,82,17142.85714285714
Apples,12,83,17142.85714285714
Apples,12,84,17142.85714285714
Apples,13,85,22857.14285714286
Apples,13,86,22857.14285714286
Apples,13,87,22857.14285714286
Apples,13,88,22857.14285714286
Apples,13,89,22857.14285714286
Apples,13,90,22857.14285714286
Apples,13,91,22857.14285714286
Apples,29,197,46666.66666666667
Apples,29,198,46666.66666666667
Apples,29,199,46666.66666666667
Apples,29,200,46666.66666666667
Apples,29,201,46666.66666666667
Apples,29,202,46666.66666666667
Apples,29,203,46666.66666666667
Apples,30,204,132071.02040816325
Apples,30,205,132071.02040816325
Apples,30,206,132071.02040816325
Apples,30,207,132071.02040816325
Apples,30,208,132071.02040816325
Apples,30,209,132071.02040816325
Apples,30,210,132071.02040816325
Apples,31,211,256504.48979591837
Apples,31,212,256504.48979591837
Apples,31,213,256504.48979591837
Apples,31,214,256504.48979591837
Apples,31,215,256504.48979591837
Apples,31,216,256504.48979591837
Apples,31,217,256504.48979591837
Apples,32,218,308601.63265306124
Apples,32,219,308601.63265306124
Apples,32,220,308601.63265306124
Apples,32,221,308601.63265306124
Apples,32,222,308601.63265306124
Apples,32,223,308601.63265306124
Apples,32,224,308601.63265306124
Apples,33,225,309243.2653061225
Apples,33,226,309243.2653061225
Apples,33,227,309243.2653061225
Apples,33,228,309243.2653061225
Apples,33,229,309243.2653061225
Apples,33,230,309243.2653061225
Apples,33,231,309243.2653061225
Apples,34,232,295207.3469387755
Apples,34,233,295207.3469387755
Apples,34,234,295207.3469387755
Apples,34,235,295207.3469387755
Apples,34,236,295207.3469387755
Apples,34,237,295207.3469387755
Apples,34,238,295207.3469387755
Apples,35,239,330317.55102040817
Apples,35,240,330317.55102040817
Apples,35,241,330317.55102040817
Apples,35,242,330317.55102040817
Apples,35,243,330317.55102040817
Apples,35,244,330317.55102040817
Apples,35,245,330317.55102040817
Apples,36,246,357563.2653061225
Apples,36,247,357563.2653061225
Apples,36,248,357563.2653061225
Apples,36,249,357563.2653061225
Apples,36,250,357563.2653061225
Apples,36,251,357563.2653061225
Apples,36,252,357563.2653061225
Apples,37,253,311379.5918367347
Apples,37,254,311379.5918367347
Apples,37,255,311379.5918367347
Apples,37,256,311379.5918367347
Apples,37,257,311379.5918367347
Apples,37,258,311379.5918367347
Apples,37,259,311379.5918367347
Apples,38,260,273986.1224489796
Apples,38,261,273986.1224489796
Apples,38,262,273986.1224489796
Apples,38,263,273986.1224489796
Apples,38,264,273986.1224489796
Apples,38,265,273986.1224489796
Apples,38,266,273986.1224489796
Apples,39,267,231223.67346938775
Apples,39,268,231223.67346938775
Apples,39,269,231223.67346938775
Apples,39,270,231223.67346938775
Apples,39,271,231223.67346938775
Apples,39,272,231223.67346938775
Apples,39,273,231223.67346938775
Apples,40,274,209236.73469387757
Apples,40,275,209236.73469387757
Apples,40,276,209236.73469387757
Apples,40,277,209236.73469387757
Apples,40,278,209236.73469387757
Apples,40,279,209236.73469387757
Apples,40,280,209236.73469387757
Apples,41,281,192826.9387755102
Apples,41,282,192826.9387755102
Apples,41,283,192826.9387755102
Apples,41,284,192826.9387755102
Apples,41,285,192826.9387755102
Apples,41,286,192826.9387755102
Apples,41,287,192826.9387755102
Apples,42,288,185131.42857142858
Apples,42,289,185131.42857142858
Apples,42,290,185131.42857142858
Apples,42,291,185131.42857142858
Apples,42,292,185131.42857142858
Apples,42,293,185131.42857142858
Apples,42,294,185131.42857142858
Apples,43,295,142844.08163265308
Apples,43,296,142844.08163265308
Apples,43,297,142844.08163265308
Apples,43,298,142844.08163265308
Apples,43,299,142844.08163265308
Apples,43,300,142844.08163265308
Apples,43,301,142844.08163265308
Apples,44,302,126456.32653061223
Apples,44,303,126456.32653061223
Apples,44,304,126456.32653061223
Apples,44,305,126456.32653061223
Apples,44,306,126456.32653061223
Apples,44,307,126456.32653061223
Apples,44,308,126456.32653061223
Apples,45,309,108088.16326530612
Apples,45,310,108088.16326530612
Apples,45,311,108088.16326530612
Apples,45,312,108088.16326530612
Apples,45,313,108088.16326530612
Apples,45,314,108088.16326530612
Apples,45,315,108088.16326530612
Apples,46,316,87525.71428571429
Apples,46,317,87525.71428571429
Apples,46,318,87525.71428571429
Apples,46,319,87525.71428571429
Apples,46,320,87525.71428571429
Apples,46,321,87525.71428571429
Apples,46,322,87525.71428571429
Apples,47,323,74685.71428571429
Apples,47,324,74685.71428571429
Apples,47,325,74685.71428571429
Apples,47,326,74685.71428571429
Apples,47,327,74685.71428571429
Apples,47,328,74685.71428571429
Apples,47,329,74685.71428571429
Apples,48,330,56000
Apples,48,331,56000
Apples,48,332,56000
Apples,48,333,56000
Apples,48,334,56000
Apples,48,335,56000
Apples,48,336,56000
Apples,49,337,45306.12244897959
Apples,49,338,45306.12244897959
Apples,49,339,45306.12244897959
Apples,49,340,45306.12244897959
Apples,49,341,45306.12244897959
Apples,49,342,45306.12244897959
Apples,49,343,45306.12244897959
Apples,50,344,43224.489795918365
Apples,50,345,43224.489795918365
Apples,50,346,43224.489795918365
Apples,50,347,43224.489795918365
Apples,50,348,43224.489795918365
Apples,50,349,43224.489795918365
Apples,50,350,43224.489795918365
Apples,51,351,25142.85714285714
Apples,51,352,25142.85714285714
Apples,51,353,25142.85714285714
Apples,51,354,25142.85714285714
Apples,51,355,25142.85714285714
Apples,51,356,25142.85714285714
Apples,51,357,25142.85714285714
Apples,52,358,35714.28571428572
Apples,52,359,35714.28571428572
Apples,52,360,35714.28571428572
Apples,52,361,35714.28571428572
Apples,52,362,35714.28571428572
Apples,52,363,35714.28571428572
Apples,52,364,35714.28571428572
Avocados,1,1,29833.2
Avocados,1,2,29833.2
Avocados,1,3,29833.2
Avocados,1,4,29833.2
Avocados,1,5,29833.2
Avocados,1,6,29833.2
Avocados,1,7,29833.2
Avocados,2,8,55336.0238095238
Avocados,2,9,55336.0238095238
Avocados,2,10,55336.0238095238
Avocados,2,11,55336.0238095238
Avocados,2,12,55336.0238095238
Avocados,2,13,55336.0238095238
Avocados,2,14,55336.0238095238
Avocados,3,15,153418.16326530612
Avocados,3,16,153418.16326530612
Avocados,3,17,153418.16326530612
Avocados,3,18,153418.16326530612
Avocados,3,19,153418.16326530612
Avocados,3,20,153418.16326530612
Avocados,3,21,153418.16326530612
Avocados,4,22,274785.5238095238
Avocados,4,23,274785.5238095238
Avocados,4,24,274785.5238095238
Avocados,4,25,274785.5238095238
Avocados,4,26,274785.5238095238
Avocados,4,27,274785.5238095238
Avocados,4,28,274785.5238095238
Avocados,5,29,235162.1224489796
Avocados,5,30,235162.1224489796
Avocados,5,31,235162.1224489796
Avocados,5,32,235162.1224489796
Avocados,5,33,235162.1224489796
Avocados,5,34,235162.1224489796
Avocados,5,35,235162.1224489796
Avocados,6,36,320913.7551020408
Avocados,6,37,320913.7551020408
Avocados,6,38,320913.7551020408
Avocados,6,39,320913.7551020408
Avocados,6,40,320913.7551020408
Avocados,6,41,320913.7551020408
Avocados,6,42,320913.7551020408
Avocados,7,43,349732.97959183675
Avocados,7,44,349732.97959183675
Avocados,7,45,349732.97959183675
Avocados,7,46,349732.97959183675
Avocados,7,47,349732.97959183675
Avocados,7,48,349732.97959183675
Avocados,7,49,349732.97959183675
Avocados,8,50,488606.36734693876
Avocados,8,51,488606.36734693876
Avocados,8,52,488606.36734693876
Avocados,8,53,488606.36734693876
Avocados,8,54,488606.36734693876
Avocados,8,55,488606.36734693876
Avocados,8,56,488606.36734693876
Avocados,9,57,571977.7346938775
Avocados,9,58,571977.7346938775
Avocados,9,59,571977.7346938775
Avocados,9,60,571977.7346938775
Avocados,9,61,571977.7346938775
Avocados,9,62,571977.7346938775
Avocados,9,63,571977.7346938775
Avocados,10,64,628846.7551020408
Avocados,10,65,628846.7551020408
Avocados,10,66,628846.7551020408
Avocados,10,67,628846.7551020408
Avocados,10,68,628846.7551020408
Avocados,10,69,628846.7551020408
Avocados,10,70,628846.7551020408
Avocados,11,71,669557.469387755
Avocados,11,72,669557.469387755
Avocados,11,73,669557.469387755
Avocados,11,74,669557.469387755
Avocados,11,75,669557.469387755
Avocados,11,76,669557.469387755
Avocados,11,77,669557.469387755
Avocados,12,78,707122.7551020408
Avocados,12,79,707122.7551020408
Avocados,12,80,707122.7551020408
Avocados,12,81,707122.7551020408
Avocados,12,82,707122.7551020408
Avocados,12,83,707122.7551020408
Avocados,12,84,707122.7551020408
Avocados,13,85,843261.0204081632
Avocados,13,86,843261.0204081632
Avocados,13,87,843261.0204081632
Avocados,13,88,843261.0204081632
Avocados,13,89,843261.0204081632
Avocados,13,90,843261.0204081632
Avocados,13,91,843261.0204081632
Avocados,14,92,1171297.8163265307
Avocados,14,93,1171297.8163265307
Avocados,14,94,1171297.8163265307
Avocados,14,95,1171297.8163265307
Avocados,14,96,1171297.8163265307
Avocados,14,97,1171297.8163265307
Avocados,14,98,1171297.8163265307
Avocados,15,99,1351496.693877551
Avocados,15,100,1351496.693877551
Avocados,15,101,1351496.693877551
Avocados,15,102,1351496.693877551
Avocados,15,103,1351496.693877551
Avocados,15,104,1351496.693877551
Avocados,15,105,1351496.693877551
Avocados,16,106,2020705.081632653
Avocados,16,107,2020705.081632653
Avocados,16,108,2020705.081632653
Avocados,16,109,2020705.081632653
Avocados,16,110,2020705.081632653
Avocados,16,111,2020705.081632653
Avocados,16,112,2020705.081632653
Avocados,17,113,1901308.1632653063
Avocados,17,114,1901308.1632653063
Avocados,17,115,1901308.1632653063
Avocados,17,116,1901308.1632653063
Avocados,17,117,1901308.1632653063
Avocados,17,118,1901308.1632653063
Avocados,17,119,1901308.1632653063
Avocados,18,120,1742498.530612245
Avocados,18,121,1742498.530612245
Avocados,18,122,1742498.530612245
Avocados,18,123,1742498.530612245
Avocados,18,124,1742498.530612245
Avocados,18,125,1742498.530612245
Avocados,18,126,1742498.530612245
Avocados,19,127,1820544.448979592
Avocados,19,128,1820544.448979592
Avocados,19,129,1820544.448979592
Avocados,19,130,1820544.448979592
Avocados,19,131,1820544.448979592
Avocados,19,132,1820544.448979592
Avocados,19,133,1820544.448979592
Avocados,20,134,2038385.142857143
Avocados,20,135,2038385.142857143
Avocados,20,136,2038385.142857143
Avocados,20,137,2038385.142857143
Avocados,20,138,2038385.142857143
Avocados,20,139,2038385.142857143
Avocados,20,140,2038385.142857143
Avocados,21,141,1835891
Avocados,21,142,1835891
Avocados,21,143,1835891
Avocados,21,144,1835891
Avocados,21,145,1835891
Avocados,21,146,1835891
Avocados,21,147,1835891
Avocados,22,148,2109617.1020408166
Avocados,22,149,2109617.1020408166
Avocados,22,150,2109617.1020408166
Avocados,22,151,2109617.1020408166
Avocados,22,152,2109617.1020408166
Avocados,22,153,2109617.1020408166
Avocados,22,154,2109617.1020408166
Avocados,23,155,1910966.7857142857
Avocados,23,156,1910966.7857142857
Avocados,23,157,1910966.7857142857
Avocados,23,158,1910966.7857142857
Avocados,23,159,1910966.7857142857
Avocados,23,160,1910966.7857142857
Avocados,23,161,1910966.7857142857
Avocados,24,162,1927077.7142857143
Avocados,24,163,1927077.7142857143
Avocados,24,164,1927077.7142857143
Avocados,24,165,1927077.7142857143
Avocados,24,166,1927077.7142857143
Avocados,24,167,1927077.7142857143
Avocados,24,168,1927077.7142857143
Avocados,25,169,2016635.9795918367
Avocados,25,170,2016635.9795918367
Avocados,25,171,2016635.9795918367
Avocados,25,172,2016635.9795918367
Avocados,25,173,2016635.9795918367
Avocados,25,174,2016635.9795918367
Avocados,25,175,2016635.9795918367
Avocados,26,176,1848129.8367346937
Avocados,26,177,1848129.8367346937
Avocados,26,178,1848129.8367346937
Avocados,26,179,1848129.8367346937
Avocados,26,180,1848129.8367346937
Avocados,26,181,1848129.8367346937
Avocados,26,182,1848129.8367346937
Avocados,27,183,1701872.3673469387
Avocados,27,184,1701872.3673469387
Avocados,27,185,1701872.3673469387
Avocados,27,186,1701872.3673469387
Avocados,27,187,1701872.3673469387
Avocados,27,188,1701872.3673469387
Avocados,27,189,1701872.3673469387
Avocados,28,190,1724800.8979591837
Avocados,28,191,1724800.8979591837
Avocados,28,192,1724800.8979591837
Avocados,28,193,1724800.8979591837
Avocados,28,194,1724800.8979591837
Avocados,28,195,1724800.8979591837
Avocados,28,196,1724800.8979591837
Avocados,29,197,1578133.7755102043
Avocados,29,198,1578133.7755102043
Avocados,29,199,1578133.7755102043
Avocados,29,200,1578133.7755102043
Avocados,29,201,1578133.7755102043
Avocados,29,202,1578133.7755102043
Avocados,29,203,1578133.7755102043
Avocados,30,204,1359359.2448979593
Avocados,30,205,1359359.2448979593
Avocados,30,206,1359359.2448979593
Avocados,30,207,1359359.2448979593
Avocados,30,208,1359359.2448979593
Avocados,30,209,1359359.2448979593
Avocados,30,210,1359359.2448979593
Avocados,31,211,1247529.3265306123
Avocados,31,212,1247529.3265306123
Avocados,31,213,1247529.3265306123
Avocados,31,214,1247529.3265306123
Avocados,31,215,1247529.3265306123
Avocados,31,216,1247529.3265306123
Avocados,31,217,1247529.3265306123
Avocados,32,218,1144752.5714285714
Avocados,32,219,1144752.5714285714
Avocados,32,220,1144752.5714285714
Avocados,32,221,1144752.5714285714
Avocados,32,222,1144752.5714285714
Avocados,32,223,1144752.5714285714
Avocados,32,224,1144752.5714285714
Avocados,33,225,1038539.3469387755
Avocados,33,226,1038539.3469387755
Avocados,33,227,1038539.3469387755
Avocados,33,228,1038539.3469387755
Avocados,33,229,1038539.3469387755
Avocados,33,230,1038539.3469387755
Avocados,33,231,1038539.3469387755
Avocados,34,232,798146.224489796
Avocados,34,233,798146.224489796
Avocados,34,234,798146.224489796
Avocados,34,235,798146.224489796
Avocados,34,236,798146.224489796
Avocados,34,237,798146.224489796
Avocados,34,238,798146.224489796
Avocados,35,239,718919.3469387755
Avocados,35,240,718919.3469387755
Avocados,35,241,718919.3469387755
Avocados,35,242,718919.3469387755
Avocados,35,243,718919.3469387755
Avocados,35,244,718919.3469387755
Avocados,35,245,718919.3469387755
Avocados,36,246,529533.9387755102
Avocados,36,247,529533.9387755102
Avocados,36,248,529533.9387755102
Avocados,36,249,529533.9387755102
Avocados,36,250,529533.9387755102
Avocados,36,251,529533.9387755102
Avocados,36,252,529533.9387755102
Avocados,37,253,493507.1632653061
Avocados,37,254,493507.1632653061
Avocados,37,255,493507.1632653061
Avocados,37,256,493507.1632653061
Avocados,37,257,493507.1632653061
Avocados,37,258,493507.1632653061
Avocados,37,259,493507.1632653061
Avocados,38,260,440198.4285714286
Avocados,38,261,440198.4285714286
Avocados,38,262,440198.4285714286
Avocados,38,263,440198.4285714286
Avocados,38,264,440198.4285714286
Avocados,38,265,440198.4285714286
Avocados,38,266,440198.4285714286
Avocados,39,267,338298.2448979592
Avocados,39,268,338298.2448979592
Avocados,39,269,338298.2448979592
Avocados,39,270,338298.2448979592
Avocados,39,271,338298.2448979592
Avocados,39,272,338298.2448979592
Avocados,39,273,338298.2448979592
Avocados,40,274,211468.14285714287
Avocados,40,275,211468.14285714287
Avocados,40,276,211468.14285714287
Avocados,40,277,211468.14285714287
Avocados,40,278,211468.14285714287
Avocados,40,279,211468.14285714287
Avocados,40,280,211468.14285714287
Avocados,41,281,183071.59523809524
Avocados,41,282,183071.59523809524
Avocados,41,283,183071.59523809524
Avocados,41,284,183071.59523809524
Avocados,41,285,183071.59523809524
Avocados,41,286,183071.59523809524
Avocados,41,287,183071.59523809524
Avocados,42,288,182573.82857142857
Avocados,42,289,182573.82857142857
Avocados,42,290,182573.82857142857
Avocados,42,291,182573.82857142857
Avocados,42,292,182573.82857142857
Avocados,42,293,182573.82857142857
Avocados,42,294,182573.82857142857
Avocados,43,295,75655.8857142857
Avocados,43,296,75655.8857142857
Avocados,43,297,75655.8857142857
Avocados,43,298,75655.8857142857
Avocados,43,299,75655.8857142857
Avocados,43,300,75655.8857142857
Avocados,43,301,75655.8857142857
Avocados,44,302,105899.82142857143
Avocados,44,303,105899.82142857143
Avocados,44,304,105899.82142857143
Avocados,44,305,105899.82142857143
Avocados,44,306,105899.82142857143
Avocados,44,307,105899.82142857143
Avocados,44,308,105899.82142857143
Avocados,45,309,112453.57142857143
Avocados,45,310,112453.57142857143
Avocados,45,311,112453.57142857143
Avocados,45,312,112453.57142857143
Avocados,45,313,112453.57142857143
Avocados,45,314,112453.57142857143
Avocados,45,315,112453.57142857143
Avocados,46,316,118754.14285714286
Avocados,46,317,118754.14285714286
Avocados,46,318,118754.14285714286
Avocados,46,319,118754.14285714286
Avocados,46,320,118754.14285714286
Avocados,46,321,118754.14285714286
Avocados,46,322,118754.14285714286
Avocados,47,323,46789.952380952374
Avocados,47,324,46789.952380952374
Avocados,47,325,46789.952380952374
Avocados,47,326,46789.952380952374
Avocados,47,327,46789.952380952374
Avocados,47,328,46789.952380952374
Avocados,47,329,46789.952380952374
Avocados,48,330,108827.35714285714
Avocados,48,331,108827.35714285714
Avocados,48,332,108827.35714285714
Avocados,48,333,108827.35714285714
Avocados,48,334,108827.35714285714
Avocados,48,335,108827.35714285714
Avocados,48,336,108827.35714285714
Avocados,49,337,54183.4761904762
Avocados,49,338,54183.4761904762
Avocados,49,339,54183.4761904762
Avocados,49,340,54183.4761904762
Avocados,49,341,54183.4761904762
Avocados,49,342,54183.4761904762
Avocados,49,343,54183.4761904762
Avocados,50,344,38427.5
Avocados,50,345,38427.5
Avocados,50,346,38427.5
Avocados,50,347,38427.5
Avocados,50,348,38427.5
Avocados,50,349,38427.5
Avocados,50,350,38427.5
Avocados,51,351,12798.07142857143
Avocados,51,352,12798.07142857143
Avocados,51,353,12798.07142857143
Avocados,51,354,12798.07142857143
Avocados,51,355,12798.07142857143
Avocados,51,356,12798.07142857143
Avocados,51,357,12798.07142857143
Avocados,52,358,9604.809523809525
Avocados,52,359,9604.809523809525
Avocados,52,360,9604.809523809525
Avocados,52,361,9604.809523809525
Avocados,52,362,9604.809523809525
Avocados,52,363,9604.809523809525
Avocados,52,364,9604.809523809525
Cherries,13,85,253666.2857142857
Cherries,13,86,253666.2857142857
Cherries,13,87,253666.2857142857
Cherries,13,88,253666.2857142857
Cherries,13,89,253666.2857142857
Cherries,13,90,253666.2857142857
Cherries,13,91,253666.2857142857
Cherries,16,106,65472
Cherries,16,107,65472
Cherries,16,108,65472
Cherries,16,109,65472
Cherries,16,110,65472
Cherries,16,111,65472
Cherries,16,112,65472
Cherries,17,113,388235.5714285714
Cherries,17,114,388235.5714285714
Cherries,17,115,388235.5714285714
Cherries,17,116,388235.5714285714
Cherries,17,117,388235.5714285714
Cherries,17,118,388235.5714285714
Cherries,17,119,388235.5714285714
Cherries,18,120,1626785.5238095238
Cherries,18,121,1626785.5238095238
Cherries,18,122,1626785.5238095238
Cherries,18,123,1626785.5238095238
Cherries,18,124,1626785.5238095238
Cherries,18,125,1626785.5238095238
Cherries,18,126,1626785.5238095238
Cherries,19,127,2904608.2040816327
Cherries,19,128,2904608.2040816327
Cherries,19,129,2904608.2040816327
Cherries,19,130,2904608.2040816327
Cherries,19,131,2904608.2040816327
Cherries,19,132,2904608.2040816327
Cherries,19,133,2904608.2040816327
Cherries,20,134,3538898.6938775512
Cherries,20,135,3538898.6938775512
Cherries,20,136,3538898.6938775512
Cherries,20,137,3538898.6938775512
Cherries,20,138,3538898.6938775512
Cherries,20,139,3538898.6938775512
Cherries,20,140,3538898.6938775512
Cherries,21,141,3447940.8571428573
Cherries,21,142,3447940.8571428573
Cherries,21,143,3447940.8571428573
Cherries,21,144,3447940.8571428573
Cherries,21,145,3447940.8571428573
Cherries,21,146,3447940.8571428573
Cherries,21,147,3447940.8571428573
Cherries,22,148,2646722.1428571427
Cherries,22,149,2646722.1428571427
Cherries,22,150,2646722.1428571427
Cherries,22,151,2646722.1428571427
Cherries,22,152,2646722.1428571427
Cherries,22,153,2646722.1428571427
Cherries,22,154,2646722.1428571427
Cherries,23,155,1866312.3673469387
Cherries,23,156,1866312.3673469387
Cherries,23,157,1866312.3673469387
Cherries,23,158,1866312.3673469387
Cherries,23,159,1866312.3673469387
Cherries,23,160,1866312.3673469387
Cherries,23,161,1866312.3673469387
Cherries,24,162,1599600.857142857
Cherries,24,163,1599600.857142857
Cherries,24,164,1599600.857142857
Cherries,24,165,1599600.857142857
Cherries,24,166,1599600.857142857
Cherries,24,167,1599600.857142857
Cherries,24,168,1599600.857142857
Cherries,25,169,1435915.4285714286
Cherries,25,170,1435915.4285714286
Cherries,25,171,1435915.4285714286
Cherries,25,172,1435915.4285714286
Cherries,25,173,1435915.4285714286
Cherries,25,174,1435915.4285714286
Cherries,25,175,1435915.4285714286
Cherries,26,176,832829.1428571428
Cherries,26,177,832829.1428571428
Cherries,26,178,832829.1428571428
Cherries,26,179,832829.1428571428
Cherries,26,180,832829.1428571428
Cherries,26,181,832829.1428571428
Cherries,26,182,832829.1428571428
Cherries,27,183,16061.142857142857
Cherries,27,184,16061.142857142857
Cherries,27,185,16061.142857142857
Cherries,27,186,16061.142857142857
Cherries,27,187,16061.142857142857
Cherries,27,188,16061.142857142857
Cherries,27,189,16061.142857142857
Grapefruit,1,1,357716.7346938775
Grapefruit,1,2,357716.7346938775
Grapefruit,1,3,357716.7346938775
Grapefruit,1,4,357716.7346938775
Grapefruit,1,5,357716.7346938775
Grapefruit,1,6,357716.7346938775
Grapefruit,1,7,357716.7346938775
Grapefruit,2,8,348433.46938775515
Grapefruit,2,9,348433.46938775515
Grapefruit,2,10,348433.46938775515
Grapefruit,2,11,348433.46938775515
Grapefruit,2,12,348433.46938775515
Grapefruit,2,13,348433.46938775515
Grapefruit,2,14,348433.46938775515
Grapefruit,3,15,347959.1836734694
Grapefruit,3,16,347959.1836734694
Grapefruit,3,17,347959.1836734694
Grapefruit,3,18,347959.1836734694
Grapefruit,3,19,347959.1836734694
Grapefruit,3,20,347959.1836734694
Grapefruit,3,21,347959.1836734694
Grapefruit,4,22,340188.5714285714
Grapefruit,4,23,340188.5714285714
Grapefruit,4,24,340188.5714285714
Grapefruit,4,25,340188.5714285714
Grapefruit,4,26,340188.5714285714
Grapefruit,4,27,340188.5714285714
Grapefruit,4,28,340188.5714285714
Grapefruit,5,29,363875.1020408163
Grapefruit,5,30,363875.1020408163
Grapefruit,5,31,363875.1020408163
Grapefruit,5,32,363875.1020408163
Grapefruit,5,33,363875.1020408163
Grapefruit,5,34,363875.1020408163
Grapefruit,5,35,363875.1020408163
Grapefruit,6,36,356266.1224489796
Grapefruit,6,37,356266.1224489796
Grapefruit,6,38,356266.1224489796
Grapefruit,6,39,356266.1224489796
Grapefruit,6,40,356266.1224489796
Grapefruit,6,41,356266.1224489796
Grapefruit,6,42,356266.1224489796
Grapefruit,7,43,355791.8367346939
Grapefruit,7,44,355791.8367346939
Grapefruit,7,45,355791.8367346939
Grapefruit,7,46,355791.8367346939
Grapefruit,7,47,355791.8367346939
Grapefruit,7,48,355791.8367346939
Grapefruit,7,49,355791.8367346939
Grapefruit,8,50,327990.20408163266
Grapefruit,8,51,327990.20408163266
Grapefruit,8,52,327990.20408163266
Grapefruit,8,53,327990.20408163266
Grapefruit,8,54,327990.20408163266
Grapefruit,8,55,327990.20408163266
Grapefruit,8,56,327990.20408163266
Grapefruit,9,57,340619.5918367347
Grapefruit,9,58,340619.5918367347
Grapefruit,9,59,340619.5918367347
Grapefruit,9,60,340619.5918367347
Grapefruit,9,61,340619.5918367347
Grapefruit,9,62,340619.5918367347
Grapefruit,9,63,340619.5918367347
Grapefruit,10,64,336235.1020408163
Grapefruit,10,65,336235.1020408163
Grapefruit,10,66,336235.1020408163
Grapefruit,10,67,336235.1020408163
Grapefruit,10,68,336235.1020408163
Grapefruit,10,69,336235.1020408163
Grapefruit,10,70,336235.1020408163
Grapefruit,11,71,336164.0816326531
Grapefruit,11,72,336164.0816326531
Grapefruit,11,73,336164.0816326531
Grapefruit,11,74,336164.0816326531
Grapefruit,11,75,336164.0816326531
Grapefruit,11,76,336164.0816326531
Grapefruit,11,77,336164.0816326531
Grapefruit,12,78,349648.1632653061
Grapefruit,12,79,349648.1632653061
Grapefruit,12,80,349648.1632653061
Grapefruit,12,81,349648.1632653061
Grapefruit,12,82,349648.1632653061
Grapefruit,12,83,349648.1632653061
Grapefruit,12,84,349648.1632653061
Grapefruit,13,85,1253133.8775510206
Grapefruit,13,86,1253133.8775510206
Grapefruit,13,87,1253133.8775510206
Grapefruit,13,88,1253133.8775510206
Grapefruit,13,89,1253133.8775510206
Grapefruit,13,90,1253133.8775510206
Grapefruit,13,91,1253133.8775510206
Grapefruit,14,92,1249683.2653061224
Grapefruit,14,93,1249683.2653061224
Grapefruit,14,94,1249683.2653061224
Grapefruit,14,95,1249683.2653061224
Grapefruit,14,96,1249683.2653061224
Grapefruit,14,97,1249683.2653061224
Grapefruit,14,98,1249683.2653061224
Grapefruit,15,99,1247846.530612245
Grapefruit,15,100,1247846.530612245
Grapefruit,15,101,1247846.530612245
Grapefruit,15,102,1247846.530612245
Grapefruit,15,103,1247846.530612245
Grapefruit,15,104,1247846.530612245
Grapefruit,15,105,1247846.530612245
Grapefruit,16,106,1253356.7346938776
Grapefruit,16,107,1253356.7346938776
Grapefruit,16,108,1253356.7346938776
Grapefruit,16,109,1253356.7346938776
Grapefruit,16,110,1253356.7346938776
Grapefruit,16,111,1253356.7346938776
Grapefruit,16,112,1253356.7346938776
Grapefruit,17,113,1185804.081632653
Grapefruit,17,114,1185804.081632653
Grapefruit,17,115,1185804.081632653
Grapefruit,17,116,1185804.081632653
Grapefruit,17,117,1185804.081632653
Grapefruit,17,118,1185804.081632653
Grapefruit,17,119,1185804.081632653
Grapefruit,18,120,1236327.3469387756
Grapefruit,18,121,1236327.3469387756
Grapefruit,18,122,1236327.3469387756
Grapefruit,18,123,1236327.3469387756
Grapefruit,18,124,1236327.3469387756
Grapefruit,18,125,1236327.3469387756
Grapefruit,18,126,1236327.3469387756
Grapefruit,19,127,1231266.1224489794
Grapefruit,19,128,1231266.1224489794
Grapefruit,19,129,1231266.1224489794
Grapefruit,19,130,1231266.1224489794
Grapefruit,19,131,1231266.1224489794
Grapefruit,19,132,1231266.1224489794
Grapefruit,19,133,1231266.1224489794
Grapefruit,20,134,1233102.857142857
Grapefruit,20,135,1233102.857142857
Grapefruit,20,136,1233102.857142857
Grapefruit,20,137,1233102.857142857
Grapefruit,20,138,1233102.857142857
Grapefruit,20,139,1233102.857142857
Grapefruit,20,140,1233102.857142857
Grapefruit,21,141,1124995.1020408163
Grapefruit,21,142,1124995.1020408163
Grapefruit,21,143,1124995.1020408163
Grapefruit,21,144,1124995.1020408163
Grapefruit,21,145,1124995.1020408163
Grapefruit,21,146,1124995.1020408163
Grapefruit,21,147,1124995.1020408163
Grapefruit,22,148,1216297.142857143
Grapefruit,22,149,1216297.142857143
Grapefruit,22,150,1216297.142857143
Grapefruit,22,151,1216297.142857143
Grapefruit,22,152,1216297.142857143
Grapefruit,22,153,1216297.142857143
Grapefruit,22,154,1216297.142857143
Grapefruit,23,155,1204208.1632653063
Grapefruit,23,156,1204208.1632653063
Grapefruit,23,157,1204208.1632653063
Grapefruit,23,158,1204208.1632653063
Grapefruit,23,159,1204208.1632653063
Grapefruit,23,160,1204208.1632653063
Grapefruit,23,161,1204208.1632653063
Grapefruit,24,162,1287887.3469387756
Grapefruit,24,163,1287887.3469387756
Grapefruit,24,164,1287887.3469387756
Grapefruit,24,165,1287887.3469387756
Grapefruit,24,166,1287887.3469387756
Grapefruit,24,167,1287887.3469387756
Grapefruit,24,168,1287887.3469387756
Grapefruit,25,169,1210636.7346938776
Grapefruit,25,170,1210636.7346938776
Grapefruit,25,171,1210636.7346938776
Grapefruit,25,172,1210636.7346938776
Grapefruit,25,173,1210636.7346938776
Grapefruit,25,174,1210636.7346938776
Grapefruit,25,175,1210636.7346938776
Grapefruit,26,176,1011537.1428571428
Grapefruit,26,177,1011537.1428571428
Grapefruit,26,178,1011537.1428571428
Grapefruit,26,179,1011537.1428571428
Grapefruit,26,180,1011537.1428571428
Grapefruit,26,181,1011537.1428571428
Grapefruit,26,182,1011537.1428571428
Grapefruit,27,183,1016663.6734693878
Grapefruit,27,184,1016663.6734693878
Grapefruit,27,185,1016663.6734693878
Grapefruit,27,186,1016663.6734693878
Grapefruit,27,187,1016663.6734693878
Grapefruit,27,188,1016663.6734693878
Grapefruit,27,189,1016663.6734693878
Grapefruit,28,190,1013439.1836734693
Grapefruit,28,191,1013439.1836734693
Grapefruit,28,192,1013439.1836734693
Grapefruit,28,193,1013439.1836734693
Grapefruit,28,194,1013439.1836734693
Grapefruit,28,195,1013439.1836734693
Grapefruit,28,196,1013439.1836734693
Grapefruit,29,197,1012826.9387755103
Grapefruit,29,198,1012826.9387755103
Grapefruit,29,199,1012826.9387755103
Grapefruit,29,200,1012826.9387755103
Grapefruit,29,201,1012826.9387755103
Grapefruit,29,202,1012826.9387755103
Grapefruit,29,203,1012826.9387755103
Grapefruit,30,204,920585.306122449
Grapefruit,30,205,920585.306122449
Grapefruit,30,206,920585.306122449
Grapefruit,30,207,920585.306122449
Grapefruit,30,208,920585.306122449
Grapefruit,30,209,920585.306122449
Grapefruit,30,210,920585.306122449
Grapefruit,31,211,1008576.3265306122
Grapefruit,31,212,1008576.3265306122
Grapefruit,31,213,1008576.3265306122
Grapefruit,31,214,1008576.3265306122
Grapefruit,31,215,1008576.3265306122
Grapefruit,31,216,1008576.3265306122
Grapefruit,31,217,1008576.3265306122
Grapefruit,32,218,1012249.7959183675
Grapefruit,32,219,1012249.7959183675
Grapefruit,32,220,1012249.7959183675
Grapefruit,32,221,1012249.7959183675
Grapefruit,32,222,1012249.7959183675
Grapefruit,32,223,1012249.7959183675
Grapefruit,32,224,1012249.7959183675
Grapefruit,33,225,1007466.1224489796
Grapefruit,33,226,1007466.1224489796
Grapefruit,33,227,1007466.1224489796
Grapefruit,33,228,1007466.1224489796
Grapefruit,33,229,1007466.1224489796
Grapefruit,33,230,1007466.1224489796
Grapefruit,33,231,1007466.1224489796
Grapefruit,34,232,973361.6326530612
Grapefruit,34,233,973361.6326530612
Grapefruit,34,234,973361.6326530612
Grapefruit,34,235,973361.6326530612
Grapefruit,34,236,973361.6326530612
Grapefruit,34,237,973361.6326530612
Grapefruit,34,238,973361.6326530612
Grapefruit,35,239,1022151.0204081632
Grapefruit,35,240,1022151.0204081632
Grapefruit,35,241,1022151.0204081632
Grapefruit,35,242,1022151.0204081632
Grapefruit,35,243,1022151.0204081632
Grapefruit,35,244,1022151.0204081632
Grapefruit,35,245,1022151.0204081632
Grapefruit,36,246,1018477.5510204082
Grapefruit,36,247,1018477.5510204082
Grapefruit,36,248,1018477.5510204082
Grapefruit,36,249,1018477.5510204082
Grapefruit,36,250,1018477.5510204082
Grapefruit,36,251,1018477.5510204082
Grapefruit,36,252,1018477.5510204082
Grapefruit,37,253,1020314.2857142857
Grapefruit,37,254,1020314.2857142857
Grapefruit,37,255,1020314.2857142857
Grapefruit,37,256,1020314.2857142857
Grapefruit,37,257,1020314.2857142857
Grapefruit,37,258,1020314.2857142857
Grapefruit,37,259,1020314.2857142857
Grapefruit,38,260,1018477.5510204082
Grapefruit,38,261,1018477.5510204082
Grapefruit,38,262,1018477.5510204082
Grapefruit,38,263,1018477.5510204082
Grapefruit,38,264,1018477.5510204082
Grapefruit,38,265,1018477.5510204082
Grapefruit,38,266,1018477.5510204082
Grapefruit,39,267,476507.7551020408
Grapefruit,39,268,476507.7551020408
Grapefruit,39,269,476507.7551020408
Grapefruit,39,270,476507.7551020408
Grapefruit,39,271,476507.7551020408
Grapefruit,39,272,476507.7551020408
Grapefruit,39,273,476507.7551020408
Grapefruit,40,274,328613.0612244898
Grapefruit,40,275,328613.0612244898
Grapefruit,40,276,328613.0612244898
Grapefruit,40,277,328613.0612244898
Grapefruit,40,278,328613.0612244898
Grapefruit,40,279,328613.0612244898
Grapefruit,40,280,328613.0612244898
Grapefruit,41,281,328613.0612244898
Grapefruit,41,282,328613.0612244898
Grapefruit,41,283,328613.0612244898
Grapefruit,41,284,328613.0612244898
Grapefruit,41,285,328613.0612244898
Grapefruit,41,286,328613.0612244898
Grapefruit,41,287,328613.0612244898
Grapefruit,42,288,331448.1632653061
Grapefruit,42,289,331448.1632653061
Grapefruit,42,290,331448.1632653061
Grapefruit,42,291,331448.1632653061
Grapefruit,42,292,331448.1632653061
Grapefruit,42,293,331448.1632653061
Grapefruit,42,294,331448.1632653061
Grapefruit,43,295,303749.387755102
Grapefruit,43,296,303749.387755102
Grapefruit,43,297,303749.387755102
Grapefruit,43,298,303749.387755102
Grapefruit,43,299,303749.387755102
Grapefruit,43,300,303749.387755102
Grapefruit,43,301,303749.387755102
Grapefruit,44,302,334280
Grapefruit,44,303,334280
Grapefruit,44,304,334280
Grapefruit,44,305,334280
Grapefruit,44,306,334280
Grapefruit,44,307,334280
Grapefruit,44,308,334280
Grapefruit,45,309,328137.14285714284
Grapefruit,45,310,328137.14285714284
Grapefruit,45,311,328137.14285714284
Grapefruit,45,312,328137.14285714284
Grapefruit,45,313,328137.14285714284
Grapefruit,45,314,328137.14285714284
Grapefruit,45,315,328137.14285714284
Grapefruit,46,316,328137.14285714284
Grapefruit,46,317,328137.14285714284
Grapefruit,46,318,328137.14285714284
Grapefruit,46,319,328137.14285714284
Grapefruit,46,320,328137.14285714284
Grapefruit,46,321,328137.14285714284
Grapefruit,46,322,328137.14285714284
Grapefruit,47,323,324666.9387755102
Grapefruit,47,324,324666.9387755102
Grapefruit,47,325,324666.9387755102
Grapefruit,47,326,324666.9387755102
Grapefruit,47,327,324666.9387755102
Grapefruit,47,328,324666.9387755102
Grapefruit,47,329,324666.9387755102
Grapefruit,48,330,332888.1632653061
Grapefruit,48,331,332888.1632653061
Grapefruit,48,332,332888.1632653061
Grapefruit,48,333,332888.1632653061
Grapefruit,48,334,332888.1632653061
Grapefruit,48,335,332888.1632653061
Grapefruit,48,336,332888.1632653061
Grapefruit,49,337,332888.1632653061
Grapefruit,49,338,332888.1632653061
Grapefruit,49,339,332888.1632653061
Grapefruit,49,340,332888.1632653061
Grapefruit,49,341,332888.1632653061
Grapefruit,49,342,332888.1632653061
Grapefruit,49,343,332888.1632653061
Grapefruit,50,344,336112.6530612245
Grapefruit,50,345,336112.6530612245
Grapefruit,50,346,336112.6530612245
Grapefruit,50,347,336112.6530612245
Grapefruit,50,348,336112.6530612245
Grapefruit,50,349,336112.6530612245
Grapefruit,50,350,336112.6530612245
Grapefruit,51,351,332888.1632653061
Grapefruit,51,352,332888.1632653061
Grapefruit,51,353,332888.1632653061
Grapefruit,51,354,332888.1632653061
Grapefruit,51,355,332888.1632653061
Grapefruit,51,356,332888.1632653061
Grapefruit,51,357,332888.1632653061
Grapefruit,52,358,242712.38095238098
Grapefruit,52,359,242712.38095238098
Grapefruit,52,360,242712.38095238098
Grapefruit,52,361,242712.38095238098
Grapefruit,52,362,242712.38095238098
Grapefruit,52,363,242712.38095238098
Grapefruit,52,364,242712.38095238098
Grapes,1,1,708422.8571428572
Grapes,1,2,708422.8571428572
Grapes,1,3,708422.8571428572
Grapes,1,4,708422.8571428572
Grapes,1,5,708422.8571428572
Grapes,1,6,708422.8571428572
Grapes,1,7,708422.8571428572
Grapes,2,8,239048.9387755102
Grapes,2,9,239048.9387755102
Grapes,2,10,239048.9387755102
Grapes,2,11,239048.9387755102
Grapes,2,12,239048.9387755102
Grapes,2,13,239048.9387755102
Grapes,2,14,239048.9387755102
Grapes,3,15,145533.48571428572
Grapes,3,16,145533.48571428572
Grapes,3,17,145533.48571428572
Grapes,3,18,145533.48571428572
Grapes,3,19,145533.48571428572
Grapes,3,20,145533.48571428572
Grapes,3,21,145533.48571428572
Grapes,4,22,135583.19047619047
Grapes,4,23,135583.19047619047
Grapes,4,24,135583.19047619047
Grapes,4,25,135583.19047619047
Grapes,4,26,135583.19047619047
Grapes,4,27,135583.19047619047
Grapes,4,28,135583.19047619047
Grapes,5,29,56763.857142857145
Grapes,5,30,56763.857142857145
Grapes,5,31,56763.857142857145
Grapes,5,32,56763.857142857145
Grapes,5,33,56763.857142857145
Grapes,5,34,56763.857142857145
Grapes,5,35,56763.857142857145
Grapes,18,120,237690
Grapes,18,121,237690
Grapes,18,122,237690
Grapes,18,123,237690
Grapes,18,124,237690
Grapes,18,125,237690
Grapes,18,126,237690
Grapes,19,127,93473.35714285714
Grapes,19,128,93473.35714285714
Grapes,19,129,93473.35714285714
Grapes,19,130,93473.35714285714
Grapes,19,131,93473.35714285714
Grapes,19,132,93473.35714285714
Grapes,19,133,93473.35714285714
Grapes,20,134,408355.71428571426
Grapes,20,135,408355.71428571426
Grapes,20,136,408355.71428571426
Grapes,20,137,408355.71428571426
Grapes,20,138,408355.71428571426
Grapes,20,139,408355.71428571426
Grapes,20,140,408355.71428571426
Grapes,21,141,575638.1632653062
Grapes,21,142,575638.1632653062
Grapes,21,143,575638.1632653062
Grapes,21,144,575638.1632653062
Grapes,21,145,575638.1632653062
Grapes,21,146,575638.1632653062
Grapes,21,147,575638.1632653062
Grapes,22,148,902300.693877551
Grapes,22,149,902300.693877551
Grapes,22,150,902300.693877551
Grapes,22,151,902300.693877551
Grapes,22,152,902300.693877551
Grapes,22,153,902300.693877551
Grapes,22,154,902300.693877551
Grapes,23,155,1046881.1020408163
Grapes,23,156,1046881.1020408163
Grapes,23,157,1046881.1020408163
Grapes,23,158,1046881.1020408163
Grapes,23,159,1046881.1020408163
Grapes,23,160,1046881.1020408163
Grapes,23,161,1046881.1020408163
Grapes,24,162,1156382.8163265307
Grapes,24,163,1156382.8163265307
Grapes,24,164,1156382.8163265307
Grapes,24,165,1156382.8163265307
Grapes,24,166,1156382.8163265307
Grapes,24,167,1156382.8163265307
Grapes,24,168,1156382.8163265307
Grapes,25,169,1003386.8571428572
Grapes,25,170,1003386.8571428572
Grapes,25,171,1003386.8571428572
Grapes,25,172,1003386.8571428572
Grapes,25,173,1003386.8571428572
Grapes,25,174,1003386.8571428572
Grapes,25,175,1003386.8571428572
Grapes,26,176,1009482.7142857143
Grapes,26,177,1009482.7142857143
Grapes,26,178,1009482.7142857143
Grapes,26,179,1009482.7142857143
Grapes,26,180,1009482.7142857143
Grapes,26,181,1009482.7142857143
Grapes,26,182,1009482.7142857143
Grapes,27,183,2543922.0204081633
Grapes,27,184,2543922.0204081633
Grapes,27,185,2543922.0204081633
Grapes,27,186,2543922.0204081633
Grapes,27,187,2543922.0204081633
Grapes,27,188,2543922.0204081633
Grapes,27,189,2543922.0204081633
Grapes,28,190,5377441.306122449
Grapes,28,191,5377441.306122449
Grapes,28,192,5377441.306122449
Grapes,28,193,5377441.306122449
Grapes,28,194,5377441.306122449
Grapes,28,195,5377441.306122449
Grapes,28,196,5377441.306122449
Grapes,29,197,7380984.0612244895
Grapes,29,198,7380984.0612244895
Grapes,29,199,7380984.0612244895
Grapes,29,200,7380984.0612244895
Grapes,29,201,7380984.0612244895
Grapes,29,202,7380984.0612244895
Grapes,29,203,7380984.0612244895
Grapes,30,204,8862084.938775511
Grapes,30,205,8862084.938775511
Grapes,30,206,8862084.938775511
Grapes,30,207,8862084.938775511
Grapes,30,208,8862084.938775511
Grapes,30,209,8862084.938775511
Grapes,30,210,8862084.938775511
Grapes,31,211,10289595.18367347
Grapes,31,212,10289595.18367347
Grapes,31,213,10289595.18367347
Grapes,31,214,10289595.18367347
Grapes,31,215,10289595.18367347
Grapes,31,216,10289595.18367347
Grapes,31,217,10289595.18367347
Grapes,32,218,10800023.795918366
Grapes,32,219,10800023.795918366
Grapes,32,220,10800023.795918366
Grapes,32,221,10800023.795918366
Grapes,32,222,10800023.795918366
Grapes,32,223,10800023.795918366
Grapes,32,224,10800023.795918366
Grapes,33,225,11422222.69387755
Grapes,33,226,11422222.69387755
Grapes,33,227,11422222.69387755
Grapes,33,228,11422222.69387755
Grapes,33,229,11422222.69387755
Grapes,33,230,11422222.69387755
Grapes,33,231,11422222.69387755
Grapes,34,232,11134836.69387755
Grapes,34,233,11134836.69387755
Grapes,34,234,11134836.69387755
Grapes,34,235,11134836.69387755
Grapes,34,236,11134836.69387755
Grapes,34,237,11134836.69387755
Grapes,34,238,11134836.69387755
Grapes,35,239,11310333.918367347
Grapes,35,240,11310333.918367347
Grapes,35,241,11310333.918367347
Grapes,35,242,11310333.918367347
Grapes,35,243,11310333.918367347
Grapes,35,244,11310333.918367347
Grapes,35,245,11310333.918367347
Grapes,36,246,11392910
Grapes,36,247,11392910
Grapes,36,248,11392910
Grapes,36,249,11392910
Grapes,36,250,11392910
Grapes,36,251,11392910
Grapes,36,252,11392910
Grapes,37,253,11690345.24489796
Grapes,37,254,11690345.24489796
Grapes,37,255,11690345.24489796
Grapes,37,256,11690345.24489796
Grapes,37,257,11690345.24489796
Grapes,37,258,11690345.24489796
Grapes,37,259,11690345.24489796
Grapes,38,260,11349845.30612245
Grapes,38,261,11349845.30612245
Grapes,38,262,11349845.30612245
Grapes,38,263,11349845.30612245
Grapes,38,264,11349845.30612245
Grapes,38,265,11349845.30612245
Grapes,38,266,11349845.30612245
Grapes,39,267,11255216.48979592
Grapes,39,268,11255216.48979592
Grapes,39,269,11255216.48979592
Grapes,39,270,11255216.48979592
Grapes,39,271,11255216.48979592
Grapes,39,272,11255216.48979592
Grapes,39,273,11255216.48979592
Grapes,40,274,11635569.81632653
Grapes,40,275,11635569.81632653
Grapes,40,276,11635569.81632653
Grapes,40,277,11635569.81632653
Grapes,40,278,11635569.81632653
Grapes,40,279,11635569.81632653
Grapes,40,280,11635569.81632653
Grapes,41,281,11130337.040816326
Grapes,41,282,11130337.040816326
Grapes,41,283,11130337.040816326
Grapes,41,284,11130337.040816326
Grapes,41,285,11130337.040816326
Grapes,41,286,11130337.040816326
Grapes,41,287,11130337.040816326
Grapes,42,288,10874705.408163264
Grapes,42,289,10874705.408163264
Grapes,42,290,10874705.408163264
Grapes,42,291,10874705.408163264
Grapes,42,292,10874705.408163264
Grapes,42,293,10874705.408163264
Grapes,42,294,10874705.408163264
Grapes,43,295,10401140.75510204
Grapes,43,296,10401140.75510204
Grapes,43,297,10401140.75510204
Grapes,43,298,10401140.75510204
Grapes,43,299,10401140.75510204
Grapes,43,300,10401140.75510204
Grapes,43,301,10401140.75510204
Grapes,44,302,10075023.918367347
Grapes,44,303,10075023.918367347
Grapes,44,304,10075023.918367347
Grapes,44,305,10075023.918367347
Grapes,44,306,10075023.918367347
Grapes,44,307,10075023.918367347
Grapes,44,308,10075023.918367347
Grapes,45,309,9422619.836734693
Grapes,45,310,9422619.836734693
Grapes,45,311,9422619.836734693
Grapes,45,312,9422619.836734693
Grapes,45,313,9422619.836734693
Grapes,45,314,9422619.836734693
Grapes,45,315,9422619.836734693
Grapes,46,316,8261789.36734694
Grapes,46,317,8261789.36734694
Grapes,46,318,8261789.36734694
Grapes,46,319,8261789.36734694
Grapes,46,320,8261789.36734694
Grapes,46,321,8261789.36734694
Grapes,46,322,8261789.36734694
Grapes,47,323,6561969.408163265
Grapes,47,324,6561969.408163265
Grapes,47,325,6561969.408163265
Grapes,47,326,6561969.408163265
Grapes,47,327,6561969.408163265
Grapes,47,328,6561969.408163265
Grapes,47,329,6561969.408163265
Grapes,48,330,6059882.693877551
Grapes,48,331,6059882.693877551
Grapes,48,332,6059882.693877551
Grapes,48,333,6059882.693877551
Grapes,48,334,6059882.693877551
Grapes,48,335,6059882.693877551
Grapes,48,336,6059882.693877551
Grapes,49,337,5263428.285714285
Grapes,49,338,5263428.285714285
Grapes,49,339,5263428.285714285
Grapes,49,340,5263428.285714285
Grapes,49,341,5263428.285714285
Grapes,49,342,5263428.285714285
Grapes,49,343,5263428.285714285
Grapes,50,344,4457876.551020408
Grapes,50,345,4457876.551020408
Grapes,50,346,4457876.551020408
Grapes,50,347,4457876.551020408
Grapes,50,348,4457876.551020408
Grapes,50,349,4457876.551020408
Grapes,50,350,4457876.551020408
Grapes,51,351,2543760.5510204085
Grapes,51,352,2543760.5510204085
Grapes,51,353,2543760.5510204085
Grapes,51,354,2543760.5510204085
Grapes,51,355,2543760.5510204085
Grapes,51,356,2543760.5510204085
Grapes,51,357,2543760.5510204085
Grapes,52,358,1450351.8775510206
Grapes,52,359,1450351.8775510206
Grapes,52,360,1450351.8775510206
Grapes,52,361,1450351.8775510206
Grapes,52,362,1450351.8775510206
Grapes,52,363,1450351.8775510206
Grapes,52,364,1450351.8775510206
Lemons,1,1,6507510.204081632
Lemons,1,2,6507510.204081632
Lemons,1,3,6507510.204081632
Lemons,1,4,6507510.204081632
Lemons,1,5,6507510.204081632
Lemons,1,6,6507510.204081632
Lemons,1,7,6507510.204081632
Lemons,2,8,6523431.020408163
Lemons,2,9,6523431.020408163
Lemons,2,10,6523431.020408163
Lemons,2,11,6523431.020408163
Lemons,2,12,6523431.020408163
Lemons,2,13,6523431.020408163
Lemons,2,14,6523431.020408163
Lemons,3,15,6520639.183673469
Lemons,3,16,6520639.183673469
Lemons,3,17,6520639.183673469
Lemons,3,18,6520639.183673469
Lemons,3,19,6520639.183673469
Lemons,3,20,6520639.183673469
Lemons,3,21,6520639.183673469
Lemons,4,22,6273099.591836735
Lemons,4,23,6273099.591836735
Lemons,4,24,6273099.591836735
Lemons,4,25,6273099.591836735
Lemons,4,26,6273099.591836735
Lemons,4,27,6273099.591836735
Lemons,4,28,6273099.591836735
Lemons,5,29,6588905.306122449
Lemons,5,30,6588905.306122449
Lemons,5,31,6588905.306122449
Lemons,5,32,6588905.306122449
Lemons,5,33,6588905.306122449
Lemons,5,34,6588905.306122449
Lemons,5,35,6588905.306122449
Lemons,6,36,6592115.918367347
Lemons,6,37,6592115.918367347
Lemons,6,38,6592115.918367347
Lemons,6,39,6592115.918367347
Lemons,6,40,6592115.918367347
Lemons,6,41,6592115.918367347
Lemons,6,42,6592115.918367347
Lemons,7,43,6585544.489795918
Lemons,7,44,6585544.489795918
Lemons,7,45,6585544.489795918
Lemons,7,46,6585544.489795918
Lemons,7,47,6585544.489795918
Lemons,7,48,6585544.489795918
Lemons,7,49,6585544.489795918
Lemons,8,50,6718893.87755102
Lemons,8,51,6718893.87755102
Lemons,8,52,6718893.87755102
Lemons,8,53,6718893.87755102
Lemons,8,54,6718893.87755102
Lemons,8,55,6718893.87755102
Lemons,8,56,6718893.87755102
Lemons,9,57,7074212.24489796
Lemons,9,58,7074212.24489796
Lemons,9,59,7074212.24489796
Lemons,9,60,7074212.24489796
Lemons,9,61,7074212.24489796
Lemons,9,62,7074212.24489796
Lemons,9,63,7074212.24489796
Lemons,10,64,7000653.87755102
Lemons,10,65,7000653.87755102
Lemons,10,66,7000653.87755102
Lemons,10,67,7000653.87755102
Lemons,10,68,7000653.87755102
Lemons,10,69,7000653.87755102
Lemons,10,70,7000653.87755102
Lemons,11,71,7017275.102040817
Lemons,11,72,7017275.102040817
Lemons,11,73,7017275.102040817
Lemons,11,74,7017275.102040817
Lemons,11,75,7017275.102040817
Lemons,11,76,7017275.102040817
Lemons,11,77,7017275.102040817
Lemons,12,78,6797093.87755102
Lemons,12,79,6797093.87755102
Lemons,12,80,6797093.87755102
Lemons,12,81,6797093.87755102
Lemons,12,82,6797093.87755102
Lemons,12,83,6797093.87755102
Lemons,12,84,6797093.87755102
Lemons,13,85,7046618.775510204
Lemons,13,86,7046618.775510204
Lemons,13,87,7046618.775510204
Lemons,13,88,7046618.775510204
Lemons,13,89,7046618.775510204
Lemons,13,90,7046618.775510204
Lemons,13,91,7046618.775510204
Lemons,14,92,7047106.9387755105
Lemons,14,93,7047106.9387755105
Lemons,14,94,7047106.9387755105
Lemons,14,95,7047106.9387755105
Lemons,14,96,7047106.9387755105
Lemons,14,97,7047106.9387755105
Lemons,14,98,7047106.9387755105
Lemons,15,99,7046188.571428572
Lemons,15,100,7046188.571428572
Lemons,15,101,7046188.571428572
Lemons,15,102,7046188.571428572
Lemons,15,103,7046188.571428572
Lemons,15,104,7046188.571428572
Lemons,15,105,7046188.571428572
Lemons,16,106,7082004.897959183
Lemons,16,107,7082004.897959183
Lemons,16,108,7082004.897959183
Lemons,16,109,7082004.897959183
Lemons,16,110,7082004.897959183
Lemons,16,111,7082004.897959183
Lemons,16,112,7082004.897959183
Lemons,17,113,6692773.87755102
Lemons,17,114,6692773.87755102
Lemons,17,115,6692773.87755102
Lemons,17,116,6692773.87755102
Lemons,17,117,6692773.87755102
Lemons,17,118,6692773.87755102
Lemons,17,119,6692773.87755102
Lemons,18,120,7173927.346938775
Lemons,18,121,7173927.346938775
Lemons,18,122,7173927.346938775
Lemons,18,123,7173927.346938775
Lemons,18,124,7173927.346938775
Lemons,18,125,7173927.346938775
Lemons,18,126,7173927.346938775
Lemons,19,127,7148764.081632653
Lemons,19,128,7148764.081632653
Lemons,19,129,7148764.081632653
Lemons,19,130,7148764.081632653
Lemons,19,131,7148764.081632653
Lemons,19,132,7148764.081632653
Lemons,19,133,7148764.081632653
Lemons,20,134,7580060.408163265
Lemons,20,135,7580060.408163265
Lemons,20,136,7580060.408163265
Lemons,20,137,7580060.408163265
Lemons,20,138,7580060.408163265
Lemons,20,139,7580060.408163265
Lemons,20,140,7580060.408163265
Lemons,21,141,6495915.102040817
Lemons,21,142,6495915.102040817
Lemons,21,143,6495915.102040817
Lemons,21,144,6495915.102040817
Lemons,21,145,6495915.102040817
Lemons,21,146,6495915.102040817
Lemons,21,147,6495915.102040817
Lemons,22,148,6873447.346938775
Lemons,22,149,6873447.346938775
Lemons,22,150,6873447.346938775
Lemons,22,151,6873447.346938775
Lemons,22,152,6873447.346938775
Lemons,22,153,6873447.346938775
Lemons,22,154,6873447.346938775
Lemons,23,155,6877000.816326531
Lemons,23,156,6877000.816326531
Lemons,23,157,6877000.816326531
Lemons,23,158,6877000.816326531
Lemons,23,159,6877000.816326531
Lemons,23,160,6877000.816326531
Lemons,23,161,6877000.816326531
Lemons,24,162,6868837.551020408
Lemons,24,163,6868837.551020408
Lemons,24,164,6868837.551020408
Lemons,24,165,6868837.551020408
Lemons,24,166,6868837.551020408
Lemons,24,167,6868837.551020408
Lemons,24,168,6868837.551020408
Lemons,25,169,6853327.346938775
Lemons,25,170,6853327.346938775
Lemons,25,171,6853327.346938775
Lemons,25,172,6853327.346938775
Lemons,25,173,6853327.346938775
Lemons,25,174,6853327.346938775
Lemons,25,175,6853327.346938775
Lemons,26,176,2379453.06122449
Lemons,26,177,2379453.06122449
Lemons,26,178,2379453.06122449
Lemons,26,179,2379453.06122449
Lemons,26,180,2379453.06122449
Lemons,26,181,2379453.06122449
Lemons,26,182,2379453.06122449
Lemons,27,183,2369798.3673469387
Lemons,27,184,2369798.3673469387
Lemons,27,185,2369798.3673469387
Lemons,27,186,2369798.3673469387
Lemons,27,187,2369798.3673469387
Lemons,27,188,2369798.3673469387
Lemons,27,189,2369798.3673469387
Lemons,28,190,2369288.163265306
Lemons,28,191,2369288.163265306
Lemons,28,192,2369288.163265306
Lemons,28,193,2369288.163265306
Lemons,28,194,2369288.163265306
Lemons,28,195,2369288.163265306
Lemons,28,196,2369288.163265306
Lemons,29,197,2355270.2040816327
Lemons,29,198,2355270.2040816327
Lemons,29,199,2355270.2040816327
Lemons,29,200,2355270.2040816327
Lemons,29,201,2355270.2040816327
Lemons,29,202,2355270.2040816327
Lemons,29,203,2355270.2040816327
Lemons,30,204,2167005.714285714
Lemons,30,205,2167005.714285714
Lemons,30,206,2167005.714285714
Lemons,30,207,2167005.714285714
Lemons,30,208,2167005.714285714
Lemons,30,209,2167005.714285714
Lemons,30,210,2167005.714285714
Lemons,31,211,2352717.551020408
Lemons,31,212,2352717.551020408
Lemons,31,213,2352717.551020408
Lemons,31,214,2352717.551020408
Lemons,31,215,2352717.551020408
Lemons,31,216,2352717.551020408
Lemons,31,217,2352717.551020408
Lemons,32,218,2354044.081632653
Lemons,32,219,2354044.081632653
Lemons,32,220,2354044.081632653
Lemons,32,221,2354044.081632653
Lemons,32,222,2354044.081632653
Lemons,32,223,2354044.081632653
Lemons,32,224,2354044.081632653
Lemons,33,225,2344554.285714286
Lemons,33,226,2344554.285714286
Lemons,33,227,2344554.285714286
Lemons,33,228,2344554.285714286
Lemons,33,229,2344554.285714286
Lemons,33,230,2344554.285714286
Lemons,33,231,2344554.285714286
Lemons,34,232,2242198.3673469387
Lemons,34,233,2242198.3673469387
Lemons,34,234,2242198.3673469387
Lemons,34,235,2242198.3673469387
Lemons,34,236,2242198.3673469387
Lemons,34,237,2242198.3673469387
Lemons,34,238,2242198.3673469387
Lemons,35,239,2790284.081632653
Lemons,35,240,2790284.081632653
Lemons,35,241,2790284.081632653
Lemons,35,242,2790284.081632653
Lemons,35,243,2790284.081632653
Lemons,35,244,2790284.081632653
Lemons,35,245,2790284.081632653
Lemons,36,246,2387572.2448979593
Lemons,36,247,2387572.2448979593
Lemons,36,248,2387572.2448979593
Lemons,36,249,2387572.2448979593
Lemons,36,250,2387572.2448979593
Lemons,36,251,2387572.2448979593
Lemons,36,252,2387572.2448979593
Lemons,37,253,2380735.5102040814
Lemons,37,254,2380735.5102040814
Lemons,37,255,2380735.5102040814
Lemons,37,256,2380735.5102040814
Lemons,37,257,2380735.5102040814
Lemons,37,258,2380735.5102040814
Lemons,37,259,2380735.5102040814
Lemons,38,260,2384408.9795918367
Lemons,38,261,2384408.9795918367
Lemons,38,262,2384408.9795918367
Lemons,38,263,2384408.9795918367
Lemons,38,264,2384408.9795918367
Lemons,38,265,2384408.9795918367
Lemons,38,266,2384408.9795918367
Lemons,39,267,3692041.6326530613
Lemons,39,268,3692041.6326530613
Lemons,39,269,3692041.6326530613
Lemons,39,270,3692041.6326530613
Lemons,39,271,3692041.6326530613
Lemons,39,272,3692041.6326530613
Lemons,39,273,3692041.6326530613
Lemons,40,274,4216865.306122449
Lemons,40,275,4216865.306122449
Lemons,40,276,4216865.306122449
Lemons,40,277,4216865.306122449
Lemons,40,278,4216865.306122449
Lemons,40,279,4216865.306122449
Lemons,40,280,4216865.306122449
Lemons,41,281,4219130.612244898
Lemons,41,282,4219130.612244898
Lemons,41,283,4219130.612244898
Lemons,41,284,4219130.612244898
Lemons,41,285,4219130.612244898
Lemons,41,286,4219130.612244898
Lemons,41,287,4219130.612244898
Lemons,42,288,4212795.918367347
Lemons,42,289,4212795.918367347
Lemons,42,290,4212795.918367347
Lemons,42,291,4212795.918367347
Lemons,42,292,4212795.918367347
Lemons,42,293,4212795.918367347
Lemons,42,294,4212795.918367347
Lemons,43,295,4003509.387755102
Lemons,43,296,4003509.387755102
Lemons,43,297,4003509.387755102
Lemons,43,298,4003509.387755102
Lemons,43,299,4003509.387755102
Lemons,43,300,4003509.387755102
Lemons,43,301,4003509.387755102
Lemons,44,302,4407847.346938776
Lemons,44,303,4407847.346938776
Lemons,44,304,4407847.346938776
Lemons,44,305,4407847.346938776
Lemons,44,306,4407847.346938776
Lemons,44,307,4407847.346938776
Lemons,44,308,4407847.346938776
Lemons,45,309,4439377.959183673
Lemons,45,310,4439377.959183673
Lemons,45,311,4439377.959183673
Lemons,45,312,4439377.959183673
Lemons,45,313,4439377.959183673
Lemons,45,314,4439377.959183673
Lemons,45,315,4439377.959183673
Lemons,46,316,4427031.020408163
Lemons,46,317,4427031.020408163
Lemons,46,318,4427031.020408163
Lemons,46,319,4427031.020408163
Lemons,46,320,4427031.020408163
Lemons,46,321,4427031.020408163
Lemons,46,322,4427031.020408163
Lemons,47,323,4087588.5714285714
Lemons,47,324,4087588.5714285714
Lemons,47,325,4087588.5714285714
Lemons,47,326,4087588.5714285714
Lemons,47,327,4087588.5714285714
Lemons,47,328,4087588.5714285714
Lemons,47,329,4087588.5714285714
Lemons,48,330,4254029.387755102
Lemons,48,331,4254029.387755102
Lemons,48,332,4254029.387755102
Lemons,48,333,4254029.387755102
Lemons,48,334,4254029.387755102
Lemons,48,335,4254029.387755102
Lemons,48,336,4254029.387755102
Lemons,49,337,4257029.387755102
Lemons,49,338,4257029.387755102
Lemons,49,339,4257029.387755102
Lemons,49,340,4257029.387755102
Lemons,49,341,4257029.387755102
Lemons,49,342,4257029.387755102
Lemons,49,343,4257029.387755102
Lemons,50,344,4248825.306122449
Lemons,50,345,4248825.306122449
Lemons,50,346,4248825.306122449
Lemons,50,347,4248825.306122449
Lemons,50,348,4248825.306122449
Lemons,50,349,4248825.306122449
Lemons,50,350,4248825.306122449
Lemons,51,351,4240294.693877551
Lemons,51,352,4240294.693877551
Lemons,51,353,4240294.693877551
Lemons,51,354,4240294.693877551
Lemons,51,355,4240294.693877551
Lemons,51,356,4240294.693877551
Lemons,51,357,4240294.693877551
Lemons,52,358,5390604.897959183
Lemons,52,359,5390604.897959183
Lemons,52,360,5390604.897959183
Lemons,52,361,5390604.897959183
Lemons,52,362,5390604.897959183
Lemons,52,363,5390604.897959183
Lemons,52,364,5390604.897959183
"Lettuce, Iceberg",1,1,978505.1020408163
"Lettuce, Iceberg",1,2,978505.1020408163
"Lettuce, Iceberg",1,3,978505.1020408163
"Lettuce, Iceberg",1,4,978505.1020408163
"Lettuce, Iceberg",1,5,978505.1020408163
"Lettuce, Iceberg",1,6,978505.1020408163
"Lettuce, Iceberg",1,7,978505.1020408163
"Lettuce, Iceberg",2,8,1026542.8571428572
"Lettuce, Iceberg",2,9,1026542.8571428572
"Lettuce, Iceberg",2,10,1026542.8571428572
"Lettuce, Iceberg",2,11,1026542.8571428572
"Lettuce, Iceberg",2,12,1026542.8571428572
"Lettuce, Iceberg",2,13,1026542.8571428572
"Lettuce, Iceberg",2,14,1026542.8571428572
"Lettuce, Iceberg",3,15,938490.8163265307
"Lettuce, Iceberg",3,16,938490.8163265307
"Lettuce, Iceberg",3,17,938490.8163265307
"Lettuce, Iceberg",3,18,938490.8163265307
"Lettuce, Iceberg",3,19,938490.8163265307
"Lettuce, Iceberg",3,20,938490.8163265307
"Lettuce, Iceberg",3,21,938490.8163265307
"Lettuce, Iceberg",4,22,1000209.1836734693
"Lettuce, Iceberg",4,23,1000209.1836734693
"Lettuce, Iceberg",4,24,1000209.1836734693
"Lettuce, Iceberg",4,25,1000209.1836734693
"Lettuce, Iceberg",4,26,1000209.1836734693
"Lettuce, Iceberg",4,27,1000209.1836734693
"Lettuce, Iceberg",4,28,1000209.1836734693
"Lettuce, Iceberg",5,29,1039119.3877551021
"Lettuce, Iceberg",5,30,1039119.3877551021
"Lettuce, Iceberg",5,31,1039119.3877551021
"Lettuce, Iceberg",5,32,1039119.3877551021
"Lettuce, Iceberg",5,33,1039119.3877551021
"Lettuce, Iceberg",5,34,1039119.3877551021
"Lettuce, Iceberg",5,35,1039119.3877551021
"Lettuce, Iceberg",6,36,944810.2040816325
"Lettuce, Iceberg",6,37,944810.2040816325
"Lettuce, Iceberg",6,38,944810.2040816325
"Lettuce, Iceberg",6,39,944810.2040816325
"Lettuce, Iceberg",6,40,944810.2040816325
"Lettuce, Iceberg",6,41,944810.2040816325
"Lettuce, Iceberg",6,42,944810.2040816325
"Lettuce, Iceberg",7,43,975317.3469387755
"Lettuce, Iceberg",7,44,975317.3469387755
"Lettuce, Iceberg",7,45,975317.3469387755
"Lettuce, Iceberg",7,46,975317.3469387755
"Lettuce, Iceberg",7,47,975317.3469387755
"Lettuce, Iceberg",7,48,975317.3469387755
"Lettuce, Iceberg",7,49,975317.3469387755
"Lettuce, Iceberg",8,50,1003329.5918367347
"Lettuce, Iceberg",8,51,1003329.5918367347
"Lettuce, Iceberg",8,52,1003329.5918367347
"Lettuce, Iceberg",8,53,1003329.5918367347
"Lettuce, Iceberg",8,54,1003329.5918367347
"Lettuce, Iceberg",8,55,1003329.5918367347
"Lettuce, Iceberg",8,56,1003329.5918367347
"Lettuce, Iceberg",9,57,984333.6734693878
"Lettuce, Iceberg",9,58,984333.6734693878
"Lettuce, Iceberg",9,59,984333.6734693878
"Lettuce, Iceberg",9,60,984333.6734693878
"Lettuce, Iceberg",9,61,984333.6734693878
"Lettuce, Iceberg",9,62,984333.6734693878
"Lettuce, Iceberg",9,63,984333.6734693878
"Lettuce, Iceberg",10,64,871901.0204081632
"Lettuce, Iceberg",10,65,871901.0204081632
"Lettuce, Iceberg",10,66,871901.0204081632
"Lettuce, Iceberg",10,67,871901.0204081632
"Lettuce, Iceberg",10,68,871901.0204081632
"Lettuce, Iceberg",10,69,871901.0204081632
"Lettuce, Iceberg",10,70,871901.0204081632
"Lettuce, Iceberg",11,71,1197367.3469387754
"Lettuce, Iceberg",11,72,1197367.3469387754
"Lettuce, Iceberg",11,73,1197367.3469387754
"Lettuce, Iceberg",11,74,1197367.3469387754
"Lettuce, Iceberg",11,75,1197367.3469387754
"Lettuce, Iceberg",11,76,1197367.3469387754
"Lettuce, Iceberg",11,77,1197367.3469387754
"Lettuce, Iceberg",12,78,1621564.2857142857
"Lettuce, Iceberg",12,79,1621564.2857142857
"Lettuce, Iceberg",12,80,1621564.2857142857
"Lettuce, Iceberg",12,81,1621564.2857142857
"Lettuce, Iceberg",12,82,1621564.2857142857
"Lettuce, Iceberg",12,83,1621564.2857142857
"Lettuce, Iceberg",12,84,1621564.2857142857
"Lettuce, Iceberg",13,85,3315730.612244898
"Lettuce, Iceberg",13,86,3315730.612244898
"Lettuce, Iceberg",13,87,3315730.612244898
"Lettuce, Iceberg",13,88,3315730.612244898
"Lettuce, Iceberg",13,89,3315730.612244898
"Lettuce, Iceberg",13,90,3315730.612244898
"Lettuce, Iceberg",13,91,3315730.612244898
"Lettuce, Iceberg",14,92,5233009.183673469
"Lettuce, Iceberg",14,93,5233009.183673469
"Lettuce, Iceberg",14,94,5233009.183673469
"Lettuce, Iceberg",14,95,5233009.183673469
"Lettuce, Iceberg",14,96,5233009.183673469
"Lettuce, Iceberg",14,97,5233009.183673469
"Lettuce, Iceberg",14,98,5233009.183673469
"Lettuce, Iceberg",15,99,6082464.285714285
"Lettuce, Iceberg",15,100,6082464.285714285
"Lettuce, Iceberg",15,101,6082464.285714285
"Lettuce, Iceberg",15,102,6082464.285714285
"Lettuce, Iceberg",15,103,6082464.285714285
"Lettuce, Iceberg",15,104,6082464.285714285
"Lettuce, Iceberg",15,105,6082464.285714285
"Lettuce, Iceberg",16,106,6656542.857142857
"Lettuce, Iceberg",16,107,6656542.857142857
"Lettuce, Iceberg",16,108,6656542.857142857
"Lettuce, Iceberg",16,109,6656542.857142857
"Lettuce, Iceberg",16,110,6656542.857142857
"Lettuce, Iceberg",16,111,6656542.857142857
"Lettuce, Iceberg",16,112,6656542.857142857
"Lettuce, Iceberg",17,113,6856715.306122449
"Lettuce, Iceberg",17,114,6856715.306122449
"Lettuce, Iceberg",17,115,6856715.306122449
"Lettuce, Iceberg",17,116,6856715.306122449
"Lettuce, Iceberg",17,117,6856715.306122449
"Lettuce, Iceberg",17,118,6856715.306122449
"Lettuce, Iceberg",17,119,6856715.306122449
"Lettuce, Iceberg",18,120,6956622.448979592
"Lettuce, Iceberg",18,121,6956622.448979592
"Lettuce, Iceberg",18,122,6956622.448979592
"Lettuce, Iceberg",18,123,6956622.448979592
"Lettuce, Iceberg",18,124,6956622.448979592
"Lettuce, Iceberg",18,125,6956622.448979592
"Lettuce, Iceberg",18,126,6956622.448979592
"Lettuce, Iceberg",19,127,7019420.408163265
"Lettuce, Iceberg",19,128,7019420.408163265
"Lettuce, Iceberg",19,129,7019420.408163265
"Lettuce, Iceberg",19,130,7019420.408163265
"Lettuce, Iceberg",19,131,7019420.408163265
"Lettuce, Iceberg",19,132,7019420.408163265
"Lettuce, Iceberg",19,133,7019420.408163265
"Lettuce, Iceberg",20,134,7026908.163265306
"Lettuce, Iceberg",20,135,7026908.163265306
"Lettuce, Iceberg",20,136,7026908.163265306
"Lettuce, Iceberg",20,137,7026908.163265306
"Lettuce, Iceberg",20,138,7026908.163265306
"Lettuce, Iceberg",20,139,7026908.163265306
"Lettuce, Iceberg",20,140,7026908.163265306
"Lettuce, Iceberg",21,141,7051436.734693877
"Lettuce, Iceberg",21,142,7051436.734693877
"Lettuce, Iceberg",21,143,7051436.734693877
"Lettuce, Iceberg",21,144,7051436.734693877
"Lettuce, Iceberg",21,145,7051436.734693877
"Lettuce, Iceberg",21,146,7051436.734693877
"Lettuce, Iceberg",21,147,7051436.734693877
"Lettuce, Iceberg",22,148,6970745.918367347
"Lettuce, Iceberg",22,149,6970745.918367347
"Lettuce, Iceberg",22,150,6970745.918367347
"Lettuce, Iceberg",22,151,6970745.918367347
"Lettuce, Iceberg",22,152,6970745.918367347
"Lettuce, Iceberg",22,153,6970745.918367347
"Lettuce, Iceberg",22,154,6970745.918367347
"Lettuce, Iceberg",23,155,6928166.326530612
"Lettuce, Iceberg",23,156,6928166.326530612
"Lettuce, Iceberg",23,157,6928166.326530612
"Lettuce, Iceberg",23,158,6928166.326530612
"Lettuce, Iceberg",23,159,6928166.326530612
"Lettuce, Iceberg",23,160,6928166.326530612
"Lettuce, Iceberg",23,161,6928166.326530612
"Lettuce, Iceberg",24,162,7047565.306122449
"Lettuce, Iceberg",24,163,7047565.306122449
"Lettuce, Iceberg",24,164,7047565.306122449
"Lettuce, Iceberg",24,165,7047565.306122449
"Lettuce, Iceberg",24,166,7047565.306122449
"Lettuce, Iceberg",24,167,7047565.306122449
"Lettuce, Iceberg",24,168,7047565.306122449
"Lettuce, Iceberg",25,169,6785780.6122448975
"Lettuce, Iceberg",25,170,6785780.6122448975
"Lettuce, Iceberg",25,171,6785780.6122448975
"Lettuce, Iceberg",25,172,6785780.6122448975
"Lettuce, Iceberg",25,173,6785780.6122448975
"Lettuce, Iceberg",25,174,6785780.6122448975
"Lettuce, Iceberg",25,175,6785780.6122448975
"Lettuce, Iceberg",26,176,6524887.75510204
"Lettuce, Iceberg",26,177,6524887.75510204
"Lettuce, Iceberg",26,178,6524887.75510204
"Lettuce, Iceberg",26,179,6524887.75510204
"Lettuce, Iceberg",26,180,6524887.75510204
"Lettuce, Iceberg",26,181,6524887.75510204
"Lettuce, Iceberg",26,182,6524887.75510204
"Lettuce, Iceberg",27,183,6432627.551020408
"Lettuce, Iceberg",27,184,6432627.551020408
"Lettuce, Iceberg",27,185,6432627.551020408
"Lettuce, Iceberg",27,186,6432627.551020408
"Lettuce, Iceberg",27,187,6432627.551020408
"Lettuce, Iceberg",27,188,6432627.551020408
"Lettuce, Iceberg",27,189,6432627.551020408
"Lettuce, Iceberg",28,190,6737398.979591837
"Lettuce, Iceberg",28,191,6737398.979591837
"Lettuce, Iceberg",28,192,6737398.979591837
"Lettuce, Iceberg",28,193,6737398.979591837
"Lettuce, Iceberg",28,194,6737398.979591837
"Lettuce, Iceberg",28,195,6737398.979591837
"Lettuce, Iceberg",28,196,6737398.979591837
"Lettuce, Iceberg",29,197,6910979.591836735
"Lettuce, Iceberg",29,198,6910979.591836735
"Lettuce, Iceberg",29,199,6910979.591836735
"Lettuce, Iceberg",29,200,6910979.591836735
"Lettuce, Iceberg",29,201,6910979.591836735
"Lettuce, Iceberg",29,202,6910979.591836735
"Lettuce, Iceberg",29,203,6910979.591836735
"Lettuce, Iceberg",30,204,6908382.653061225
"Lettuce, Iceberg",30,205,6908382.653061225
"Lettuce, Iceberg",30,206,6908382.653061225
"Lettuce, Iceberg",30,207,6908382.653061225
"Lettuce, Iceberg",30,208,6908382.653061225
"Lettuce, Iceberg",30,209,6908382.653061225
"Lettuce, Iceberg",30,210,6908382.653061225
"Lettuce, Iceberg",31,211,6681817.346938775
"Lettuce, Iceberg",31,212,6681817.346938775
"Lettuce, Iceberg",31,213,6681817.346938775
"Lettuce, Iceberg",31,214,6681817.346938775
"Lettuce, Iceberg",31,215,6681817.346938775
"Lettuce, Iceberg",31,216,6681817.346938775
"Lettuce, Iceberg",31,217,6681817.346938775
"Lettuce, Iceberg",32,218,6809271.428571428
"Lettuce, Iceberg",32,219,6809271.428571428
"Lettuce, Iceberg",32,220,6809271.428571428
"Lettuce, Iceberg",32,221,6809271.428571428
"Lettuce, Iceberg",32,222,6809271.428571428
"Lettuce, Iceberg",32,223,6809271.428571428
"Lettuce, Iceberg",32,224,6809271.428571428
"Lettuce, Iceberg",33,225,6861473.469387755
"Lettuce, Iceberg",33,226,6861473.469387755
"Lettuce, Iceberg",33,227,6861473.469387755
"Lettuce, Iceberg",33,228,6861473.469387755
"Lettuce, Iceberg",33,229,6861473.469387755
"Lettuce, Iceberg",33,230,6861473.469387755
"Lettuce, Iceberg",33,231,6861473.469387755
"Lettuce, Iceberg",34,232,6928654.081632653
"Lettuce, Iceberg",34,233,6928654.081632653
"Lettuce, Iceberg",34,234,6928654.081632653
"Lettuce, Iceberg",34,235,6928654.081632653
"Lettuce, Iceberg",34,236,6928654.081632653
"Lettuce, Iceberg",34,237,6928654.081632653
"Lettuce, Iceberg",34,238,6928654.081632653
"Lettuce, Iceberg",35,239,6639515.306122449
"Lettuce, Iceberg",35,240,6639515.306122449
"Lettuce, Iceberg",35,241,6639515.306122449
"Lettuce, Iceberg",35,242,6639515.306122449
"Lettuce, Iceberg",35,243,6639515.306122449
"Lettuce, Iceberg",35,244,6639515.306122449
"Lettuce, Iceberg",35,245,6639515.306122449
"Lettuce, Iceberg",36,246,6361845.918367347
"Lettuce, Iceberg",36,247,6361845.918367347
"Lettuce, Iceberg",36,248,6361845.918367347
"Lettuce, Iceberg",36,249,6361845.918367347
"Lettuce, Iceberg",36,250,6361845.918367347
"Lettuce, Iceberg",36,251,6361845.918367347
"Lettuce, Iceberg",36,252,6361845.918367347
"Lettuce, Iceberg",37,253,6602065.306122449
"Lettuce, Iceberg",37,254,6602065.306122449
"Lettuce, Iceberg",37,255,6602065.306122449
"Lettuce, Iceberg",37,256,6602065.306122449
"Lettuce, Iceberg",37,257,6602065.306122449
"Lettuce, Iceberg",37,258,6602065.306122449
"Lettuce, Iceberg",37,259,6602065.306122449
"Lettuce, Iceberg",38,260,6566257.142857143
"Lettuce, Iceberg",38,261,6566257.142857143
"Lettuce, Iceberg",38,262,6566257.142857143
"Lettuce, Iceberg",38,263,6566257.142857143
"Lettuce, Iceberg",38,264,6566257.142857143
"Lettuce, Iceberg",38,265,6566257.142857143
"Lettuce, Iceberg",38,266,6566257.142857143
"Lettuce, Iceberg",39,267,6433376.530612245
"Lettuce, Iceberg",39,268,6433376.530612245
"Lettuce, Iceberg",39,269,6433376.530612245
"Lettuce, Iceberg",39,270,6433376.530612245
"Lettuce, Iceberg",39,271,6433376.530612245
"Lettuce, Iceberg",39,272,6433376.530612245
"Lettuce, Iceberg",39,273,6433376.530612245
"Lettuce, Iceberg",40,274,6293735.714285715
"Lettuce, Iceberg",40,275,6293735.714285715
"Lettuce, Iceberg",40,276,6293735.714285715
"Lettuce, Iceberg",40,277,6293735.714285715
"Lettuce, Iceberg",40,278,6293735.714285715
"Lettuce, Iceberg",40,279,6293735.714285715
"Lettuce, Iceberg",40,280,6293735.714285715
"Lettuce, Iceberg",41,281,6094471.428571428
"Lettuce, Iceberg",41,282,6094471.428571428
"Lettuce, Iceberg",41,283,6094471.428571428
"Lettuce, Iceberg",41,284,6094471.428571428
"Lettuce, Iceberg",41,285,6094471.428571428
"Lettuce, Iceberg",41,286,6094471.428571428
"Lettuce, Iceberg",41,287,6094471.428571428
"Lettuce, Iceberg",42,288,6072282.653061225
"Lettuce, Iceberg",42,289,6072282.653061225
"Lettuce, Iceberg",42,290,6072282.653061225
"Lettuce, Iceberg",42,291,6072282.653061225
"Lettuce, Iceberg",42,292,6072282.653061225
"Lettuce, Iceberg",42,293,6072282.653061225
"Lettuce, Iceberg",42,294,6072282.653061225
"Lettuce, Iceberg",43,295,5761939.795918368
"Lettuce, Iceberg",43,296,5761939.795918368
"Lettuce, Iceberg",43,297,5761939.795918368
"Lettuce, Iceberg",43,298,5761939.795918368
"Lettuce, Iceberg",43,299,5761939.795918368
"Lettuce, Iceberg",43,300,5761939.795918368
"Lettuce, Iceberg",43,301,5761939.795918368
"Lettuce, Iceberg",44,302,4809680.6122448975
"Lettuce, Iceberg",44,303,4809680.6122448975
"Lettuce, Iceberg",44,304,4809680.6122448975
"Lettuce, Iceberg",44,305,4809680.6122448975
"Lettuce, Iceberg",44,306,4809680.6122448975
"Lettuce, Iceberg",44,307,4809680.6122448975
"Lettuce, Iceberg",44,308,4809680.6122448975
"Lettuce, Iceberg",45,309,3369388.775510204
"Lettuce, Iceberg",45,310,3369388.775510204
"Lettuce, Iceberg",45,311,3369388.775510204
"Lettuce, Iceberg",45,312,3369388.775510204
"Lettuce, Iceberg",45,313,3369388.775510204
"Lettuce, Iceberg",45,314,3369388.775510204
"Lettuce, Iceberg",45,315,3369388.775510204
"Lettuce, Iceberg",46,316,988016.3265306122
"Lettuce, Iceberg",46,317,988016.3265306122
"Lettuce, Iceberg",46,318,988016.3265306122
"Lettuce, Iceberg",46,319,988016.3265306122
"Lettuce, Iceberg",46,320,988016.3265306122
"Lettuce, Iceberg",46,321,988016.3265306122
"Lettuce, Iceberg",46,322,988016.3265306122
"Lettuce, Iceberg",47,323,517300
"Lettuce, Iceberg",47,324,517300
"Lettuce, Iceberg",47,325,517300
"Lettuce, Iceberg",47,326,517300
"Lettuce, Iceberg",47,327,517300
"Lettuce, Iceberg",47,328,517300
"Lettuce, Iceberg",47,329,517300
"Lettuce, Iceberg",48,330,703514.2857142857
"Lettuce, Iceberg",48,331,703514.2857142857
"Lettuce, Iceberg",48,332,703514.2857142857
"Lettuce, Iceberg",48,333,703514.2857142857
"Lettuce, Iceberg",48,334,703514.2857142857
"Lettuce, Iceberg",48,335,703514.2857142857
"Lettuce, Iceberg",48,336,703514.2857142857
"Lettuce, Iceberg",49,337,1038667.3469387755
"Lettuce, Iceberg",49,338,1038667.3469387755
"Lettuce, Iceberg",49,339,1038667.3469387755
"Lettuce, Iceberg",49,340,1038667.3469387755
"Lettuce, Iceberg",49,341,1038667.3469387755
"Lettuce, Iceberg",49,342,1038667.3469387755
"Lettuce, Iceberg",49,343,1038667.3469387755
"Lettuce, Iceberg",50,344,1096452.380952381
"Lettuce, Iceberg",50,345,1096452.380952381
"Lettuce, Iceberg",50,346,1096452.380952381
"Lettuce, Iceberg",50,347,1096452.380952381
"Lettuce, Iceberg",50,348,1096452.380952381
"Lettuce, Iceberg",50,349,1096452.380952381
"Lettuce, Iceberg",50,350,1096452.380952381
"Lettuce, Iceberg",51,351,804237.7551020408
"Lettuce, Iceberg",51,352,804237.7551020408
"Lettuce, Iceberg",51,353,804237.7551020408
"Lettuce, Iceberg",51,354,804237.7551020408
"Lettuce, Iceberg",51,355,804237.7551020408
"Lettuce, Iceberg",51,356,804237.7551020408
"Lettuce, Iceberg",51,357,804237.7551020408
"Lettuce, Iceberg",52,358,739907.1428571428
"Lettuce, Iceberg",52,359,739907.1428571428
"Lettuce, Iceberg",52,360,739907.1428571428
"Lettuce, Iceberg",52,361,739907.1428571428
"Lettuce, Iceberg",52,362,739907.1428571428
"Lettuce, Iceberg",52,363,739907.1428571428
"Lettuce, Iceberg",52,364,739907.1428571428
Oranges,1,1,18682830.204081632
Oranges,1,2,18682830.204081632
Oranges,1,3,18682830.204081632
Oranges,1,4,18682830.204081632
Oranges,1,5,18682830.204081632
Oranges,1,6,18682830.204081632
Oranges,1,7,18682830.204081632
Oranges,2,8,15690393.469387755
Oranges,2,9,15690393.469387755
Oranges,2,10,15690393.469387755
Oranges,2,11,15690393.469387755
Oranges,2,12,15690393.469387755
Oranges,2,13,15690393.469387755
Oranges,2,14,15690393.469387755
Oranges,3,15,15711644.897959184
Oranges,3,16,15711644.897959184
Oranges,3,17,15711644.897959184
Oranges,3,18,15711644.897959184
Oranges,3,19,15711644.897959184
Oranges,3,20,15711644.897959184
Oranges,3,21,15711644.897959184
Oranges,4,22,14964791.020408165
Oranges,4,23,14964791.020408165
Oranges,4,24,14964791.020408165
Oranges,4,25,14964791.020408165
Oranges,4,26,14964791.020408165
Oranges,4,27,14964791.020408165
Oranges,4,28,14964791.020408165
Oranges,5,29,15560559.18367347
Oranges,5,30,15560559.18367347
Oranges,5,31,15560559.18367347
Oranges,5,32,15560559.18367347
Oranges,5,33,15560559.18367347
Oranges,5,34,15560559.18367347
Oranges,5,35,15560559.18367347
Oranges,6,36,15516655.51020408
Oranges,6,37,15516655.51020408
Oranges,6,38,15516655.51020408
Oranges,6,39,15516655.51020408
Oranges,6,40,15516655.51020408
Oranges,6,41,15516655.51020408
Oranges,6,42,15516655.51020408
Oranges,7,43,15511961.632653061
Oranges,7,44,15511961.632653061
Oranges,7,45,15511961.632653061
Oranges,7,46,15511961.632653061
Oranges,7,47,15511961.632653061
Oranges,7,48,15511961.632653061
Oranges,7,49,15511961.632653061
Oranges,8,50,13956287.346938776
Oranges,8,51,13956287.346938776
Oranges,8,52,13956287.346938776
Oranges,8,53,13956287.346938776
Oranges,8,54,13956287.346938776
Oranges,8,55,13956287.346938776
Oranges,8,56,13956287.346938776
Oranges,9,57,14541432.653061224
Oranges,9,58,14541432.653061224
Oranges,9,59,14541432.653061224
Oranges,9,60,14541432.653061224
Oranges,9,61,14541432.653061224
Oranges,9,62,14541432.653061224
Oranges,9,63,14541432.653061224
Oranges,10,64,14534059.591836736
Oranges,10,65,14534059.591836736
Oranges,10,66,14534059.591836736
Oranges,10,67,14534059.591836736
Oranges,10,68,14534059.591836736
Oranges,10,69,14534059.591836736
Oranges,10,70,14534059.591836736
Oranges,11,71,14562373.877551021
Oranges,11,72,14562373.877551021
Oranges,11,73,14562373.877551021
Oranges,11,74,14562373.877551021
Oranges,11,75,14562373.877551021
Oranges,11,76,14562373.877551021
Oranges,11,77,14562373.877551021
Oranges,12,78,14525847.346938776
Oranges,12,79,14525847.346938776
Oranges,12,80,14525847.346938776
Oranges,12,81,14525847.346938776
Oranges,12,82,14525847.346938776
Oranges,12,83,14525847.346938776
Oranges,12,84,14525847.346938776
Oranges,13,85,13253635.102040816
Oranges,13,86,13253635.102040816
Oranges,13,87,13253635.102040816
Oranges,13,88,13253635.102040816
Oranges,13,89,13253635.102040816
Oranges,13,90,13253635.102040816
Oranges,13,91,13253635.102040816
Oranges,14,92,13226232.653061224
Oranges,14,93,13226232.653061224
Oranges,14,94,13226232.653061224
Oranges,14,95,13226232.653061224
Oranges,14,96,13226232.653061224
Oranges,14,97,13226232.653061224
Oranges,14,98,13226232.653061224
Oranges,15,99,13255722.448979592
Oranges,15,100,13255722.448979592
Oranges,15,101,13255722.448979592
Oranges,15,102,13255722.448979592
Oranges,15,103,13255722.448979592
Oranges,15,104,13255722.448979592
Oranges,15,105,13255722.448979592
Oranges,16,106,13265046.530612245
Oranges,16,107,13265046.530612245
Oranges,16,108,13265046.530612245
Oranges,16,109,13265046.530612245
Oranges,16,110,13265046.530612245
Oranges,16,111,13265046.530612245
Oranges,16,112,13265046.530612245
Oranges,17,113,12574443.26530612
Oranges,17,114,12574443.26530612
Oranges,17,115,12574443.26530612
Oranges,17,116,12574443.26530612
Oranges,17,117,12574443.26530612
Oranges,17,118,12574443.26530612
Oranges,17,119,12574443.26530612
Oranges,18,120,13217908.57142857
Oranges,18,121,13217908.57142857
Oranges,18,122,13217908.57142857
Oranges,18,123,13217908.57142857
Oranges,18,124,13217908.57142857
Oranges,18,125,13217908.57142857
Oranges,18,126,13217908.57142857
Oranges,19,127,13169211.42857143
Oranges,19,128,13169211.42857143
Oranges,19,129,13169211.42857143
Oranges,19,130,13169211.42857143
Oranges,19,131,13169211.42857143
Oranges,19,132,13169211.42857143
Oranges,19,133,13169211.42857143
Oranges,20,134,13163191.020408165
Oranges,20,135,13163191.020408165
Oranges,20,136,13163191.020408165
Oranges,20,137,13163191.020408165
Oranges,20,138,13163191.020408165
Oranges,20,139,13163191.020408165
Oranges,20,140,13163191.020408165
Oranges,21,141,11593180.408163264
Oranges,21,142,11593180.408163264
Oranges,21,143,11593180.408163264
Oranges,21,144,11593180.408163264
Oranges,21,145,11593180.408163264
Oranges,21,146,11593180.408163264
Oranges,21,147,11593180.408163264
Oranges,22,148,12322782.040816326
Oranges,22,149,12322782.040816326
Oranges,22,150,12322782.040816326
Oranges,22,151,12322782.040816326
Oranges,22,152,12322782.040816326
Oranges,22,153,12322782.040816326
Oranges,22,154,12322782.040816326
Oranges,23,155,12241906.93877551
Oranges,23,156,12241906.93877551
Oranges,23,157,12241906.93877551
Oranges,23,158,12241906.93877551
Oranges,23,159,12241906.93877551
Oranges,23,160,12241906.93877551
Oranges,23,161,12241906.93877551
Oranges,24,162,12222654.69387755
Oranges,24,163,12222654.69387755
Oranges,24,164,12222654.69387755
Oranges,24,165,12222654.69387755
Oranges,24,166,12222654.69387755
Oranges,24,167,12222654.69387755
Oranges,24,168,12222654.69387755
Oranges,25,169,12211600.81632653
Oranges,25,170,12211600.81632653
Oranges,25,171,12211600.81632653
Oranges,25,172,12211600.81632653
Oranges,25,173,12211600.81632653
Oranges,25,174,12211600.81632653
Oranges,25,175,12211600.81632653
Oranges,26,176,3978033.4693877553
Oranges,26,177,3978033.4693877553
Oranges,26,178,3978033.4693877553
Oranges,26,179,3978033.4693877553
Oranges,26,180,3978033.4693877553
Oranges,26,181,3978033.4693877553
Oranges,26,182,3978033.4693877553
Oranges,27,183,3963257.9591836734
Oranges,27,184,3963257.9591836734
Oranges,27,185,3963257.9591836734
Oranges,27,186,3963257.9591836734
Oranges,27,187,3963257.9591836734
Oranges,27,188,3963257.9591836734
Oranges,27,189,3963257.9591836734
Oranges,28,190,3977849.7959183673
Oranges,28,191,3977849.7959183673
Oranges,28,192,3977849.7959183673
Oranges,28,193,3977849.7959183673
Oranges,28,194,3977849.7959183673
Oranges,28,195,3977849.7959183673
Oranges,28,196,3977849.7959183673
Oranges,29,197,3977339.5918367347
Oranges,29,198,3977339.5918367347
Oranges,29,199,3977339.5918367347
Oranges,29,200,3977339.5918367347
Oranges,29,201,3977339.5918367347
Oranges,29,202,3977339.5918367347
Oranges,29,203,3977339.5918367347
Oranges,30,204,3562583.6734693875
Oranges,30,205,3562583.6734693875
Oranges,30,206,3562583.6734693875
Oranges,30,207,3562583.6734693875
Oranges,30,208,3562583.6734693875
Oranges,30,209,3562583.6734693875
Oranges,30,210,3562583.6734693875
Oranges,31,211,3981001.6326530613
Oranges,31,212,3981001.6326530613
Oranges,31,213,3981001.6326530613
Oranges,31,214,3981001.6326530613
Oranges,31,215,3981001.6326530613
Oranges,31,216,3981001.6326530613
Oranges,31,217,3981001.6326530613
Oranges,32,218,3953894.6938775512
Oranges,32,219,3953894.6938775512
Oranges,32,220,3953894.6938775512
Oranges,32,221,3953894.6938775512
Oranges,32,222,3953894.6938775512
Oranges,32,223,3953894.6938775512
Oranges,32,224,3953894.6938775512
Oranges,33,225,3937364.081632653
Oranges,33,226,3937364.081632653
Oranges,33,227,3937364.081632653
Oranges,33,228,3937364.081632653
Oranges,33,229,3937364.081632653
Oranges,33,230,3937364.081632653
Oranges,33,231,3937364.081632653
Oranges,34,232,3860114.285714286
Oranges,34,233,3860114.285714286
Oranges,34,234,3860114.285714286
Oranges,34,235,3860114.285714286
Oranges,34,236,3860114.285714286
Oranges,34,237,3860114.285714286
Oranges,34,238,3860114.285714286
Oranges,35,239,4132868.5714285714
Oranges,35,240,4132868.5714285714
Oranges,35,241,4132868.5714285714
Oranges,35,242,4132868.5714285714
Oranges,35,243,4132868.5714285714
Oranges,35,244,4132868.5714285714
Oranges,35,245,4132868.5714285714
Oranges,36,246,4141464.4897959186
Oranges,36,247,4141464.4897959186
Oranges,36,248,4141464.4897959186
Oranges,36,249,4141464.4897959186
Oranges,36,250,4141464.4897959186
Oranges,36,251,4141464.4897959186
Oranges,36,252,4141464.4897959186
Oranges,37,253,4146770.612244898
Oranges,37,254,4146770.612244898
Oranges,37,255,4146770.612244898
Oranges,37,256,4146770.612244898
Oranges,37,257,4146770.612244898
Oranges,37,258,4146770.612244898
Oranges,37,259,4146770.612244898
Oranges,38,260,4146770.612244898
Oranges,38,261,4146770.612244898
Oranges,38,262,4146770.612244898
Oranges,38,263,4146770.612244898
Oranges,38,264,4146770.612244898
Oranges,38,265,4146770.612244898
Oranges,38,266,4146770.612244898
Oranges,39,267,6408801.63265306
Oranges,39,268,6408801.63265306
Oranges,39,269,6408801.63265306
Oranges,39,270,6408801.63265306
Oranges,39,271,6408801.63265306
Oranges,39,272,6408801.63265306
Oranges,39,273,6408801.63265306
Oranges,40,274,7071843.265306123
Oranges,40,275,7071843.265306123
Oranges,40,276,7071843.265306123
Oranges,40,277,7071843.265306123
Oranges,40,278,7071843.265306123
Oranges,40,279,7071843.265306123
Oranges,40,280,7071843.265306123
Oranges,41,281,7084598.36734694
Oranges,41,282,7084598.36734694
Oranges,41,283,7084598.36734694
Oranges,41,284,7084598.36734694
Oranges,41,285,7084598.36734694
Oranges,41,286,7084598.36734694
Oranges,41,287,7084598.36734694
Oranges,42,288,7090822.857142857
Oranges,42,289,7090822.857142857
Oranges,42,290,7090822.857142857
Oranges,42,291,7090822.857142857
Oranges,42,292,7090822.857142857
Oranges,42,293,7090822.857142857
Oranges,42,294,7090822.857142857
Oranges,43,295,6803188.571428572
Oranges,43,296,6803188.571428572
Oranges,43,297,6803188.571428572
Oranges,43,298,6803188.571428572
Oranges,43,299,6803188.571428572
Oranges,43,300,6803188.571428572
Oranges,43,301,6803188.571428572
Oranges,44,302,7574097.142857143
Oranges,44,303,7574097.142857143
Oranges,44,304,7574097.142857143
Oranges,44,305,7574097.142857143
Oranges,44,306,7574097.142857143
Oranges,44,307,7574097.142857143
Oranges,44,308,7574097.142857143
Oranges,45,309,7536035.918367347
Oranges,45,310,7536035.918367347
Oranges,45,311,7536035.918367347
Oranges,45,312,7536035.918367347
Oranges,45,313,7536035.918367347
Oranges,45,314,7536035.918367347
Oranges,45,315,7536035.918367347
Oranges,46,316,7540117.551020408
Oranges,46,317,7540117.551020408
Oranges,46,318,7540117.551020408
Oranges,46,319,7540117.551020408
Oranges,46,320,7540117.551020408
Oranges,46,321,7540117.551020408
Oranges,46,322,7540117.551020408
Oranges,47,323,7315290.6122448975
Oranges,47,324,7315290.6122448975
Oranges,47,325,7315290.6122448975
Oranges,47,326,7315290.6122448975
Oranges,47,327,7315290.6122448975
Oranges,47,328,7315290.6122448975
Oranges,47,329,7315290.6122448975
Oranges,48,330,7143456.326530612
Oranges,48,331,7143456.326530612
Oranges,48,332,7143456.326530612
Oranges,48,333,7143456.326530612
Oranges,48,334,7143456.326530612
Oranges,48,335,7143456.326530612
Oranges,48,336,7143456.326530612
Oranges,49,337,7141109.3877551025
Oranges,49,338,7141109.3877551025
Oranges,49,339,7141109.3877551025
Oranges,49,340,7141109.3877551025
Oranges,49,341,7141109.3877551025
Oranges,49,342,7141109.3877551025
Oranges,49,343,7141109.3877551025
Oranges,50,344,7170599.183673469
Oranges,50,345,7170599.183673469
Oranges,50,346,7170599.183673469
Oranges,50,347,7170599.183673469
Oranges,50,348,7170599.183673469
Oranges,50,349,7170599.183673469
Oranges,50,350,7170599.183673469
Oranges,51,351,7090395.102040817
Oranges,51,352,7090395.102040817
Oranges,51,353,7090395.102040817
Oranges,51,354,7090395.102040817
Oranges,51,355,7090395.102040817
Oranges,51,356,7090395.102040817
Oranges,51,357,7090395.102040817
Oranges,52,358,10066484.081632653
Oranges,52,359,10066484.081632653
Oranges,52,360,10066484.081632653
Oranges,52,361,10066484.081632653
Oranges,52,362,10066484.081632653
Oranges,52,363,10066484.081632653
Oranges,52,364,10066484.081632653
Strawberries,1,1,528589.387755102
Strawberries,1,2,528589.387755102
Strawberries,1,3,528589.387755102
Strawberries,1,4,528589.387755102
Strawberries,1,5,528589.387755102
Strawberries,1,6,528589.387755102
Strawberries,1,7,528589.387755102
Strawberries,2,8,703879.8367346938
Strawberries,2,9,703879.8367346938
Strawberries,2,10,703879.8367346938
Strawberries,2,11,703879.8367346938
Strawberries,2,12,703879.8367346938
Strawberries,2,13,703879.8367346938
Strawberries,2,14,703879.8367346938
Strawberries,3,15,620958.0408163265
Strawberries,3,16,620958.0408163265
Strawberries,3,17,620958.0408163265
Strawberries,3,18,620958.0408163265
Strawberries,3,19,620958.0408163265
Strawberries,3,20,620958.0408163265
Strawberries,3,21,620958.0408163265
Strawberries,4,22,699592
Strawberries,4,23,699592
Strawberries,4,24,699592
Strawberries,4,25,699592
Strawberries,4,26,699592
Strawberries,4,27,699592
Strawberries,4,28,699592
Strawberries,5,29,644006.693877551
Strawberries,5,30,644006.693877551
Strawberries,5,31,644006.693877551
Strawberries,5,32,644006.693877551
Strawberries,5,33,644006.693877551
Strawberries,5,34,644006.693877551
Strawberries,5,35,644006.693877551
Strawberries,6,36,867013.0612244897
Strawberries,6,37,867013.0612244897
Strawberries,6,38,867013.0612244897
Strawberries,6,39,867013.0612244897
Strawberries,6,40,867013.0612244897
Strawberries,6,41,867013.0612244897
Strawberries,6,42,867013.0612244897
Strawberries,7,43,941173.0612244897
Strawberries,7,44,941173.0612244897
Strawberries,7,45,941173.0612244897
Strawberries,7,46,941173.0612244897
Strawberries,7,47,941173.0612244897
Strawberries,7,48,941173.0612244897
Strawberries,7,49,941173.0612244897
Strawberries,8,50,1272170.2857142857
Strawberries,8,51,1272170.2857142857
Strawberries,8,52,1272170.2857142857
Strawberries,8,53,1272170.2857142857
Strawberries,8,54,1272170.2857142857
Strawberries,8,55,1272170.2857142857
Strawberries,8,56,1272170.2857142857
Strawberries,9,57,1491146.7755102043
Strawberries,9,58,1491146.7755102043
Strawberries,9,59,1491146.7755102043
Strawberries,9,60,1491146.7755102043
Strawberries,9,61,1491146.7755102043
Strawberries,9,62,1491146.7755102043
Strawberries,9,63,1491146.7755102043
Strawberries,10,64,1957692.469387755
Strawberries,10,65,1957692.469387755
Strawberries,10,66,1957692.469387755
Strawberries,10,67,1957692.469387755
Strawberries,10,68,1957692.469387755
Strawberries,10,69,1957692.469387755
Strawberries,10,70,1957692.469387755
Strawberries,11,71,2172208.6530612246
Strawberries,11,72,2172208.6530612246
Strawberries,11,73,2172208.6530612246
Strawberries,11,74,2172208.6530612246
Strawberries,11,75,2172208.6530612246
Strawberries,11,76,2172208.6530612246
Strawberries,11,77,2172208.6530612246
Strawberries,12,78,2890890.93877551
Strawberries,12,79,2890890.93877551
Strawberries,12,80,2890890.93877551
Strawberries,12,81,2890890.93877551
Strawberries,12,82,2890890.93877551
Strawberries,12,83,2890890.93877551
Strawberries,12,84,2890890.93877551
Strawberries,13,85,4000618.9591836734
Strawberries,13,86,4000618.9591836734
Strawberries,13,87,4000618.9591836734
Strawberries,13,88,4000618.9591836734
Strawberries,13,89,4000618.9591836734
Strawberries,13,90,4000618.9591836734
Strawberries,13,91,4000618.9591836734
Strawberries,14,92,5371903.673469388
Strawberries,14,93,5371903.673469388
Strawberries,14,94,5371903.673469388
Strawberries,14,95,5371903.673469388
Strawberries,14,96,5371903.673469388
Strawberries,14,97,5371903.673469388
Strawberries,14,98,5371903.673469388
Strawberries,15,99,6379759.326530612
Strawberries,15,100,6379759.326530612
Strawberries,15,101,6379759.326530612
Strawberries,15,102,6379759.326530612
Strawberries,15,103,6379759.326530612
Strawberries,15,104,6379759.326530612
Strawberries,15,105,6379759.326530612
Strawberries,16,106,8206135.673469388
Strawberries,16,107,8206135.673469388
Strawberries,16,108,8206135.673469388
Strawberries,16,109,8206135.673469388
Strawberries,16,110,8206135.673469388
Strawberries,16,111,8206135.673469388
Strawberries,16,112,8206135.673469388
Strawberries,17,113,8934660.081632653
Strawberries,17,114,8934660.081632653
Strawberries,17,115,8934660.081632653
Strawberries,17,116,8934660.081632653
Strawberries,17,117,8934660.081632653
Strawberries,17,118,8934660.081632653
Strawberries,17,119,8934660.081632653
Strawberries,18,120,9464049.306122448
Strawberries,18,121,9464049.306122448
Strawberries,18,122,9464049.306122448
Strawberries,18,123,9464049.306122448
Strawberries,18,124,9464049.306122448
Strawberries,18,125,9464049.306122448
Strawberries,18,126,9464049.306122448
Strawberries,19,127,9810551.18367347
Strawberries,19,128,9810551.18367347
Strawberries,19,129,9810551.18367347
Strawberries,19,130,9810551.18367347
Strawberries,19,131,9810551.18367347
Strawberries,19,132,9810551.18367347
Strawberries,19,133,9810551.18367347
Strawberries,20,134,9343809.795918368
Strawberries,20,135,9343809.795918368
Strawberries,20,136,9343809.795918368
Strawberries,20,137,9343809.795918368
Strawberries,20,138,9343809.795918368
Strawberries,20,139,9343809.795918368
Strawberries,20,140,9343809.795918368
Strawberries,21,141,9894185.469387755
Strawberries,21,142,9894185.469387755
Strawberries,21,143,9894185.469387755
Strawberries,21,144,9894185.469387755
Strawberries,21,145,9894185.469387755
Strawberries,21,146,9894185.469387755
Strawberries,21,147,9894185.469387755
Strawberries,22,148,9725087.346938776
Strawberries,22,149,9725087.346938776
Strawberries,22,150,9725087.346938776
Strawberries,22,151,9725087.346938776
Strawberries,22,152,9725087.346938776
Strawberries,22,153,9725087.346938776
Strawberries,22,154,9725087.346938776
Strawberries,23,155,9320081.306122448
Strawberries,23,156,9320081.306122448
Strawberries,23,157,9320081.306122448
Strawberries,23,158,9320081.306122448
Strawberries,23,159,9320081.306122448
Strawberries,23,160,9320081.306122448
Strawberries,23,161,9320081.306122448
Strawberries,24,162,8831208.938775511
Strawberries,24,163,8831208.938775511
Strawberries,24,164,8831208.938775511
Strawberries,24,165,8831208.938775511
Strawberries,24,166,8831208.938775511
Strawberries,24,167,8831208.938775511
Strawberries,24,168,8831208.938775511
Strawberries,25,169,8391739.102040816
Strawberries,25,170,8391739.102040816
Strawberries,25,171,8391739.102040816
Strawberries,25,172,8391739.102040816
Strawberries,25,173,8391739.102040816
Strawberries,25,174,8391739.102040816
Strawberries,25,175,8391739.102040816
Strawberries,26,176,8129124.408163265
Strawberries,26,177,8129124.408163265
Strawberries,26,178,8129124.408163265
Strawberries,26,179,8129124.408163265
Strawberries,26,180,8129124.408163265
Strawberries,26,181,8129124.408163265
Strawberries,26,182,8129124.408163265
Strawberries,27,183,7953642.6122448975
Strawberries,27,184,7953642.6122448975
Strawberries,27,185,7953642.6122448975
Strawberries,27,186,7953642.6122448975
Strawberries,27,187,7953642.6122448975
Strawberries,27,188,7953642.6122448975
Strawberries,27,189,7953642.6122448975
Strawberries,28,190,7536636.897959183
Strawberries,28,191,7536636.897959183
Strawberries,28,192,7536636.897959183
Strawberries,28,193,7536636.897959183
Strawberries,28,194,7536636.897959183
Strawberries,28,195,7536636.897959183
Strawberries,28,196,7536636.897959183
Strawberries,29,197,7190348.24489796
Strawberries,29,198,7190348.24489796
Strawberries,29,199,7190348.24489796
Strawberries,29,200,7190348.24489796
Strawberries,29,201,7190348.24489796
Strawberries,29,202,7190348.24489796
Strawberries,29,203,7190348.24489796
Strawberries,30,204,6948248.489795918
Strawberries,30,205,6948248.489795918
Strawberries,30,206,6948248.489795918
Strawberries,30,207,6948248.489795918
Strawberries,30,208,6948248.489795918
Strawberries,30,209,6948248.489795918
Strawberries,30,210,6948248.489795918
Strawberries,31,211,6910851.265306123
Strawberries,31,212,6910851.265306123
Strawberries,31,213,6910851.265306123
Strawberries,31,214,6910851.265306123
Strawberries,31,215,6910851.265306123
Strawberries,31,216,6910851.265306123
Strawberries,31,217,6910851.265306123
Strawberries,32,218,6869045.87755102
Strawberries,32,219,6869045.87755102
Strawberries,32,220,6869045.87755102
Strawberries,32,221,6869045.87755102
Strawberries,32,222,6869045.87755102
Strawberries,32,223,6869045.87755102
Strawberries,32,224,6869045.87755102
Strawberries,33,225,6567350.204081632
Strawberries,33,226,6567350.204081632
Strawberries,33,227,6567350.204081632
Strawberries,33,228,6567350.204081632
Strawberries,33,229,6567350.204081632
Strawberries,33,230,6567350.204081632
Strawberries,33,231,6567350.204081632
Strawberries,34,232,6194448.489795918
Strawberries,34,233,6194448.489795918
Strawberries,34,234,6194448.489795918
Strawberries,34,235,6194448.489795918
Strawberries,34,236,6194448.489795918
Strawberries,34,237,6194448.489795918
Strawberries,34,238,6194448.489795918
Strawberries,35,239,6390574.530612245
Strawberries,35,240,6390574.530612245
Strawberries,35,241,6390574.530612245
Strawberries,35,242,6390574.530612245
Strawberries,35,243,6390574.530612245
Strawberries,35,244,6390574.530612245
Strawberries,35,245,6390574.530612245
Strawberries,36,246,6221438.857142857
Strawberries,36,247,6221438.857142857
Strawberries,36,248,6221438.857142857
Strawberries,36,249,6221438.857142857
Strawberries,36,250,6221438.857142857
Strawberries,36,251,6221438.857142857
Strawberries,36,252,6221438.857142857
Strawberries,37,253,5860967.836734694
Strawberries,37,254,5860967.836734694
Strawberries,37,255,5860967.836734694
Strawberries,37,256,5860967.836734694
Strawberries,37,257,5860967.836734694
Strawberries,37,258,5860967.836734694
Strawberries,37,259,5860967.836734694
Strawberries,38,260,5469061.551020408
Strawberries,38,261,5469061.551020408
Strawberries,38,262,5469061.551020408
Strawberries,38,263,5469061.551020408
Strawberries,38,264,5469061.551020408
Strawberries,38,265,5469061.551020408
Strawberries,38,266,5469061.551020408
Strawberries,39,267,5415203.75510204
Strawberries,39,268,5415203.75510204
Strawberries,39,269,5415203.75510204
Strawberries,39,270,5415203.75510204
Strawberries,39,271,5415203.75510204
Strawberries,39,272,5415203.75510204
Strawberries,39,273,5415203.75510204
Strawberries,40,274,5455425.469387755
Strawberries,40,275,5455425.469387755
Strawberries,40,276,5455425.469387755
Strawberries,40,277,5455425.469387755
Strawberries,40,278,5455425.469387755
Strawberries,40,279,5455425.469387755
Strawberries,40,280,5455425.469387755
Strawberries,41,281,4975861.3877551025
Strawberries,41,282,4975861.3877551025
Strawberries,41,283,4975861.3877551025
Strawberries,41,284,4975861.3877551025
Strawberries,41,285,4975861.3877551025
Strawberries,41,286,4975861.3877551025
Strawberries,41,287,4975861.3877551025
Strawberries,42,288,4622162.12244898
Strawberries,42,289,4622162.12244898
Strawberries,42,290,4622162.12244898
Strawberries,42,291,4622162.12244898
Strawberries,42,292,4622162.12244898
Strawberries,42,293,4622162.12244898
Strawberries,42,294,4622162.12244898
Strawberries,43,295,3667673.1428571427
Strawberries,43,296,3667673.1428571427
Strawberries,43,297,3667673.1428571427
Strawberries,43,298,3667673.1428571427
Strawberries,43,299,3667673.1428571427
Strawberries,43,300,3667673.1428571427
Strawberries,43,301,3667673.1428571427
Strawberries,44,302,3194399.5102040814
Strawberries,44,303,3194399.5102040814
Strawberries,44,304,3194399.5102040814
Strawberries,44,305,3194399.5102040814
Strawberries,44,306,3194399.5102040814
Strawberries,44,307,3194399.5102040814
Strawberries,44,308,3194399.5102040814
Strawberries,45,309,2690302.5306122447
Strawberries,45,310,2690302.5306122447
Strawberries,45,311,2690302.5306122447
Strawberries,45,312,2690302.5306122447
Strawberries,45,313,2690302.5306122447
Strawberries,45,314,2690302.5306122447
Strawberries,45,315,2690302.5306122447
Strawberries,46,316,2471268.7346938774
Strawberries,46,317,2471268.7346938774
Strawberries,46,318,2471268.7346938774
Strawberries,46,319,2471268.7346938774
Strawberries,46,320,2471268.7346938774
Strawberries,46,321,2471268.7346938774
Strawberries,46,322,2471268.7346938774
Strawberries,47,323,1831117.7142857143
Strawberries,47,324,1831117.7142857143
Strawberries,47,325,1831117.7142857143
Strawberries,47,326,1831117.7142857143
Strawberries,47,327,1831117.7142857143
Strawberries,47,328,1831117.7142857143
Strawberries,47,329,1831117.7142857143
Strawberries,48,330,1405957.387755102
Strawberries,48,331,1405957.387755102
Strawberries,48,332,1405957.387755102
Strawberries,48,333,1405957.387755102
Strawberries,48,334,1405957.387755102
Strawberries,48,335,1405957.387755102
Strawberries,48,336,1405957.387755102
Strawberries,49,337,1365827.591836735
Strawberries,49,338,1365827.591836735
Strawberries,49,339,1365827.591836735
Strawberries,49,340,1365827.591836735
Strawberries,49,341,1365827.591836735
Strawberries,49,342,1365827.591836735
Strawberries,49,343,1365827.591836735
Strawberries,50,344,1112566.530612245
Strawberries,50,345,1112566.530612245
Strawberries,50,346,1112566.530612245
Strawberries,50,347,1112566.530612245
Strawberries,50,348,1112566.530612245
Strawberries,50,349,1112566.530612245
Strawberries,50,350,1112566.530612245
Strawberries,51,351,640153.7142857143
Strawberries,51,352,640153.7142857143
Strawberries,51,353,640153.7142857143
Strawberries,51,354,640153.7142857143
Strawberries,51,355,640153.7142857143
Strawberries,51,356,640153.7142857143
Strawberries,51,357,640153.7142857143
Strawberries,52,358,583905.306122449
Strawberries,52,359,583905.306122449
Strawberries,52,360,583905.306122449
Strawberries,52,361,583905.306122449
Strawberries,52,362,583905.306122449
Strawberries,52,363,583905.306122449
Strawberries,52,364,583905.306122449
