"ZIP3","POP3","WEIGHTED_LAT","WEIGHTED_LONG","state"
"010",476670,42.2113376379949,-72.5723379226236,"MA"
"011",170489,42.1061823120494,-72.5516281708087,"MA"
"012",127310,42.4580700557772,-73.2212250095908,"MA"
"013",82577,42.5880205222035,-72.4908552924543,"MA"
"014",218826,42.5806209097913,-71.7829065239322,"MA"
"015",384338,42.2144255236953,-71.7989093914315,"MA"
"016",192553,42.2684402680457,-71.8104967977388,"MA"
"017",399952,42.3294232653243,-71.4527617355508,"MA"
"018",749372,42.6334825857812,-71.2055420721858,"MA"
"019",496669,42.5738822699766,-70.9078503330266,"MA"
"020",415349,42.1475425423174,-71.1528631318602,"MA"
"021",1367002,42.3391191041505,-71.0681253771443,"MA"
"022",27659,42.3476322690263,-71.0970195894284,"MA"
"023",454524,42.0284622698537,-70.9068534024408,"MA"
"024",426236,42.3603023772581,-71.2035670287775,"MA"
"025",118051,41.6142910083354,-70.548121638995,"MA"
"026",146809,41.7021077834737,-70.2308287793391,"MA"
"027",534871,41.7746413094466,-71.1000813116191,"MA"
"028",673229,41.7161028860462,-71.4639590096341,"RI"
"029",382909,41.8164052872641,-71.4372461304226,"RI"
"030",385092,42.8404229958218,-71.4380703972479,"NH"
"031",150551,42.9878171652928,-71.4647112953484,"NH"
"032",187910,43.4369403165239,-71.5975022811719,"NH"
"033",61667,43.2528778957303,-71.5727011362641,"NH"
"034",83180,42.8985595161096,-72.2092751061794,"NH"
"035",45348,44.4660564112861,-71.4537779558966,"NH"
"037",77796,43.596423932503,-72.1882536345571,"NH"
"038",326733,43.1951415852271,-70.9875597822411,"NH"
"039",49687,43.2037383466299,-70.7396285237386,"ME"
"040",344847,43.6831455971866,-70.4634059350524,"ME"
"041",114497,43.6656898388255,-70.2772720438439,"ME"
"042",175899,44.1979916539207,-70.2832347238927,"ME"
"043",81170,44.2928080387705,-69.7710708210176,"ME"
"044",174322,44.9802200305354,-68.8081380790606,"ME"
"045",47876,43.961962950142,-69.6223855091904,"ME"
"046",73040,44.6253376781079,-68.0013066025192,"ME"
"047",69229,46.6862383456211,-68.1408464763322,"ME"
"048",40296,44.1620793686718,-69.1366330618175,"ME"
"049",159183,44.6865994666076,-69.5992937866921,"ME"
"050",60371,43.8037963314174,-72.4218484090043,"VT"
"051",28604,43.2792564751084,-72.5639371711299,"VT"
"052",32685,42.9627618974147,-73.1279859930855,"VT"
"053",36552,42.8999210427063,-72.6931991935872,"VT"
"054",239735,44.5433995062048,-73.1092987667758,"VT"
"056",84928,44.3115998678999,-72.5935545785253,"VT"
"057",80305,43.690412732582,-73.0555081487827,"VT"
"058",58017,44.6687570937656,-72.1256619725598,"VT"
"060",675278,41.8062388449039,-72.7044602147397,"CT"
"061",295662,41.7495658727398,-72.6911683105438,"CT"
"062",164831,41.7957912765014,-72.1339414180585,"CT"
"063",265268,41.455744642275,-72.0577853642769,"CT"
"063",265268,41.455744642275,-72.0577853642769,"NY"
"064",720316,41.4238451280133,-72.8458285678563,"CT"
"065",290412,41.3223602077152,-72.9275685099927,"CT"
"066",244177,41.2101008842151,-73.1887513449834,"CT"
"067",328345,41.6119037650764,-73.1147152267615,"CT"
"068",481801,41.2170951200828,-73.4395440711103,"CT"
"069",128618,41.0757976835357,-73.5437344723056,"CT"
"070",1751139,40.7549014473649,-74.1979333861264,"NJ"
"071",402742,40.7473864959329,-74.1852595262749,"NJ"
"072",186858,40.6648141257158,-74.2179566426591,"NJ"
"073",265793,40.7224363485946,-74.0661574384841,"NJ"
"074",469824,41.016403819294,-74.259439221451,"NJ"
"075",200743,40.9237445220705,-74.1683412623603,"NJ"
"076",508343,40.9203601973589,-74.0206462139697,"NJ"
"077",598607,40.3011940633604,-74.1495043869918,"NJ"
"078",360225,40.9143858142245,-74.710862310331,"NJ"
"079",259678,40.748133920852,-74.4807264970618,"NJ"
"080",1164093,39.8363369180701,-74.9447371176444,"NJ"
"081",156249,39.9353345787685,-75.0837313994906,"NJ"
"082",248732,39.3006151712727,-74.6431336490319,"NJ"
"083",240095,39.4673250121494,-75.037570821629,"NJ"
"084",56792,39.3691558111354,-74.4637814359945,"NJ"
"085",317401,40.2548932570628,-74.5980931903901,"NJ"
"086",271962,40.2190698445408,-74.7179193955589,"NJ"
"087",463254,40.0084748522517,-74.1793695560556,"NJ"
"088",923434,40.5118431298209,-74.5230245977698,"NJ"
"089",114197,40.4696007630323,-74.4559003106036,"NJ"
"100",1564205,40.7800634278838,-73.9660587463638,"NY"
"101",64067,40.7811775297111,-73.9500082227356,"NY"
"103",475948,40.5856090842109,-74.1451124398275,"NY"
"104",1458572,40.849407618339,-73.8820437309889,"NY"
"105",661686,41.1462918652699,-73.777149979785,"NY"
"106",83145,41.0358351897047,-73.7674665421733,"NY"
"107",232784,40.943131076775,-73.8648337286755,"NY"
"108",88570,40.9154961523879,-73.7873172789658,"NY"
"109",552846,41.2279149280577,-74.1393442801106,"NY"
"110",256868,40.7486788431529,-73.702170463234,"NY"
"111",209037,40.7623937347551,-73.9231751272167,"NY"
"112",2635121,40.6501115973509,-73.9541302151996,"NY"
"113",1189113,40.7435500805474,-73.8487366174998,"NY"
"114",801966,40.6930884253322,-73.793600597569,"NY"
"115",731193,40.6965167881982,-73.6283277563311,"NY"
"116",123012,40.5936353494456,-73.7906977860778,"NY"
"117",1568874,40.7886819018022,-73.2647755311555,"NY"
"118",72779,40.7696441456464,-73.4998988844447,"NY"
"119",254283,40.891510465914,-72.6570650713103,"NY"
"120",333122,42.8086112630538,-73.9421290656216,"NY"
"121",284709,42.719436364927,-73.7831847175467,"NY"
"122",151296,42.6779760830623,-73.8028816828469,"NY"
"123",162346,42.8025356457751,-73.9357660553509,"NY"
"124",151254,42.0115123104116,-74.1574658470321,"NY"
"125",448865,41.6675091311285,-73.9240200973545,"NY"
"126",85718,41.6886560709186,-73.8876103750087,"NY"
"127",97320,41.6476237981196,-74.6897997991677,"NY"
"128",224455,43.2919435845403,-73.6622639194761,"NY"
"129",162385,44.6141209894448,-73.8350547303076,"NY"
"130",386336,43.027603988378,-76.218901974196,"NY"
"131",177873,43.1378054908558,-76.3609629434147,"NY"
"132",228315,43.051072330228,-76.1513397747848,"NY"
"133",139975,43.1292672303768,-75.211983685201,"NY"
"134",184960,43.0958611703611,-75.3479507882569,"NY"
"135",70340,43.108506392451,-75.1935512605914,"NY"
"136",235146,44.3187381584973,-75.5205669282829,"NY"
"137",132930,42.1828703862785,-75.8121952631686,"NY"
"138",136776,42.3063744097502,-75.6331361451863,"NY"
"139",80581,42.1333528521612,-75.9014745142403,"NY"
"140",443902,42.868008752157,-78.7155340724462,"NY"
"141",198884,42.9514947392048,-78.7738542453943,"NY"
"142",565680,42.921526999277,-78.8118441101895,"NY"
"143",64424,43.1035518895598,-78.9959555535825,"NY"
"144",307057,43.0084973361623,-77.5955690775752,"NY"
"145",322572,43.0421164530678,-77.4420560353131,"NY"
"146",474812,43.1740276889674,-77.6299093089033,"NY"
"147",174700,42.1620612079737,-78.9288211453634,"NY"
"148",283583,42.3053876654842,-76.9750742604599,"NY"
"149",48005,42.088655732632,-76.8013590371003,"NY"
"150",449287,40.5119564121286,-80.0646680499369,"PA"
"151",368343,40.4352190472223,-79.9682356641608,"PA"
"152",685104,40.4430331261969,-79.9718995531292,"PA"
"153",183410,40.1295575498119,-80.1759308043781,"PA"
"154",141183,39.9498365343066,-79.7328316199188,"PA"
"155",87596,39.9799087379561,-78.8424560600027,"PA"
"156",304096,40.3418891020106,-79.5547586304687,"PA"
"157",110378,40.6786078296309,-79.0672798578611,"PA"
"158",86817,41.2585028357349,-78.7358965831346,"PA"
"159",138515,40.3418937225427,-78.854254993914,"PA"
"160",194754,40.8424675307413,-79.9601493437208,"PA"
"161",217220,41.1363957368382,-80.3298322930945,"PA"
"162",87108,40.9843340428319,-79.4171423839372,"PA"
"163",144885,41.5910409235394,-79.7085849594092,"PA"
"164",129246,41.9264017235427,-80.054771744495,"PA"
"165",184436,42.103707411205,-80.0631853104329,"PA"
"166",202371,40.5070994777266,-78.3359916597091,"PA"
"167",46868,41.8352494159981,-78.5733168622087,"PA"
"168",202894,40.8755585027551,-77.9395217430037,"PA"
"169",64528,41.8164548282916,-77.2689801866477,"PA"
"170",631483,40.3167877272025,-76.9091017364267,"PA"
"171",168924,40.2965373693791,-76.8286437628697,"PA"
"172",209106,39.9466863787266,-77.6524486310723,"PA"
"173",338076,39.8900531532229,-76.8789733284764,"PA"
"174",179404,39.9623173084491,-76.7168665290963,"PA"
"175",338725,40.0886443132541,-76.261753676726,"PA"
"176",167466,40.0356766859601,-76.3071040497773,"PA"
"177",169914,41.2812850137481,-77.0293397041739,"PA"
"178",237074,40.9186390547762,-76.7345914404068,"PA"
"179",122402,40.690783614222,-76.2542084685218,"PA"
"180",543508,40.6481479755404,-75.4139206834196,"PA"
"181",169880,40.5995488735578,-75.4985463274429,"PA"
"182",137705,40.9137031135108,-75.8850222708762,"PA"
"183",174950,41.0744062681166,-75.1960735168791,"PA"
"184",196920,41.4729341686878,-75.4682720425807,"PA"
"185",117840,41.413983607646,-75.6623780370757,"PA"
"186",175108,41.2853418380885,-75.9856812464593,"PA"
"187",132192,41.2335875704052,-75.8640828301183,"PA"
"188",76367,41.8486332355206,-76.1830528682677,"PA"
"189",367834,40.3082406762534,-75.1424190661902,"PA"
"190",1125676,40.0313551166837,-75.1850785166105,"PA"
"191",1569948,40.0038701838125,-75.1403200497099,"PA"
"193",445939,39.9475164665078,-75.7005733026894,"PA"
"194",528282,40.1822751530792,-75.4163643904808,"PA"
"195",222469,40.3845810539356,-75.8543833596501,"PA"
"196",214274,40.3393595827352,-75.9369700626394,"PA"
"197",330826,39.6326983585117,-75.678288595978,"DE"
"198",219370,39.7588644171856,-75.5752940102794,"DE"
"199",393536,38.8749206653597,-75.4396265930868,"DE"
"200",671048,38.9096506096077,-77.0145122554676,"DC"
"201",945152,38.9170565043517,-77.5072287231356,"VA"
"206",356565,38.4786334104329,-76.763772226587,"MD"
"207",1012309,38.9231803301047,-76.8614170914553,"MD"
"208",718105,39.1045964258667,-77.1777730787336,"MD"
"209",330263,39.0465746335527,-77.0187785328026,"MD"
"210",756430,39.3225800183361,-76.5969127754333,"MD"
"211",477232,39.3185195139534,-76.705494166045,"MD"
"212",1209150,39.3214362032064,-76.6021554077567,"MD"
"214",94098,38.9795333639929,-76.5027782954792,"MD"
"215",101601,39.5946487674826,-78.9654195705948,"MD"
"216",169848,38.8749967958469,-76.0408350520053,"MD"
"217",487167,39.4921293452102,-77.437532987573,"MD"
"218",180895,38.3031361660134,-75.5191971620443,"MD"
"219",102416,39.6115609177863,-75.9417885125859,"MD"
"220",506350,38.8159176534156,-77.2592586175965,"VA"
"221",472037,38.7532030737929,-77.2748489655536,"VA"
"222",229887,38.8754146736353,-77.1011136402754,"VA"
"223",351744,38.7887355547273,-77.1027255770219,"VA"
"224",231407,38.2503888213408,-77.3602778025557,"VA"
"225",195671,38.2402750558386,-77.3908748256614,"VA"
"226",191069,39.0796733046491,-78.2271603252281,"VA"
"227",81844,38.476571145423,-77.9834159499536,"VA"
"228",170552,38.5101092293787,-78.8032323890016,"VA"
"229",262424,38.0478631174512,-78.5457741221039,"VA"
"230",228253,37.6363028828186,-77.3822321999755,"VA"
"231",382644,37.4955957828007,-77.2967635906378,"VA"
"232",569802,37.5411552664978,-77.4888741354821,"VA"
"233",267961,36.8114955265095,-76.2441343788052,"VA"
"234",583383,36.8484672234518,-76.1762998307647,"VA"
"235",245752,36.8942520701968,-76.2641497679612,"VA"
"236",383948,37.0816538923813,-76.4437261315647,"VA"
"237",95536,36.8401675148635,-76.3490745702562,"VA"
"238",342984,37.1566158968931,-77.4172482414457,"VA"
"239",103958,37.0523513315666,-78.3611514891879,"VA"
"240",361572,37.1892657827348,-80.1051334503833,"VA"
"241",227976,37.0776122497105,-80.0642593263326,"VA"
"242",189129,36.8174781095178,-82.4269012076678,"VA"
"243",152312,36.8320038115972,-81.1376721158346,"VA"
"244",142532,38.0100732635128,-79.3131057613378,"VA"
"245",382855,37.1483721983727,-79.2148900051508,"VA"
"246",67452,37.1770623025559,-81.7422455685524,"VA"
"247",59867,37.3614541198657,-81.1006195600915,"WV"
"248",35813,37.5035794924748,-81.6392446922347,"WV"
"249",54056,37.8228299413571,-80.4386924449645,"WV"
"250",66364,38.3126367049455,-81.5578170155204,"WV"
"251",71226,38.3458995120181,-81.7092908864038,"WV"
"252",57811,38.6965734054073,-81.6236477463113,"WV"
"253",115515,38.3694313393499,-81.6439545434186,"WV"
"254",187140,39.4076110712087,-77.975500212301,"WV"
"255",139596,38.3499077790051,-82.1529165562982,"WV"
"256",49489,37.7665378507547,-82.0753622110166,"WV"
"257",74922,38.3780376754892,-82.4145134943007,"WV"
"258",87439,37.8230582269582,-81.2121590132206,"WV"
"259",44314,37.8395525662319,-81.002480231191,"WV"
"260",128494,40.1721403600713,-80.6246460955531,"WV"
"261",131668,39.2708367337546,-81.4021543220828,"WV"
"262",83816,38.8406026783669,-80.0688386523934,"WV"
"263",88450,39.2441090043867,-80.394552269169,"WV"
"264",58299,39.2313797736839,-80.3728053631966,"WV"
"265",184965,39.5788124076501,-80.0002041688265,"WV"
"266",31076,38.4449730123246,-80.7943466316128,"WV"
"267",53864,39.3851102971929,-78.9033849364882,"WV"
"268",32425,38.9480142460756,-79.0514114266152,"WV"
"270",290011,36.2158543504557,-80.4354658709704,"NC"
"271",261857,36.0850547772945,-80.2661214662698,"NC"
"272",597689,35.9685476247279,-79.8001019982349,"NC"
"273",389782,35.8547036972795,-79.591783843628,"NC"
"274",324167,36.0760260799125,-79.8207243258351,"NC"
"275",1165358,35.7991138478716,-78.6322733026263,"NC"
"276",539588,35.8197174464573,-78.6355779463683,"NC"
"277",285865,35.9815261631294,-78.9012511035734,"NC"
"278",549176,35.8284065858996,-77.5476638304278,"NC"
"279",197365,36.1713736088719,-76.3165297265422,"NC"
"280",710992,35.3594880690162,-80.9351055734692,"NC"
"281",617649,35.2782256591478,-80.7872344861807,"NC"
"282",888140,35.2062803356261,-80.814707155766,"NC"
"283",859998,34.9921115717176,-78.9858975172489,"NC"
"284",509384,34.260179263907,-78.0556004092159,"NC"
"285",511193,34.9873977029498,-77.2833493305542,"NC"
"286",636124,35.9268430243349,-81.3289286180021,"NC"
"287",551549,35.4800603505998,-82.6595177572546,"NC"
"288",128461,35.5859469149781,-82.5577021252754,"NC"
"289",38216,35.1054548332374,-83.9751260001047,"NC"
"290",447106,34.0182287228264,-80.983203659186,"SC"
"291",367549,33.8791993611491,-80.8202963028494,"SC"
"292",341953,34.052884456864,-80.9962253964229,"SC"
"293",405726,34.8949759228815,-81.9279652371354,"SC"
"294",809477,32.9391895988546,-80.0449040064919,"SC"
"295",672988,33.9790863556809,-79.3270971318627,"SC"
"296",1008220,34.7108039563687,-82.4620340631588,"SC"
"297",385378,34.9230086549258,-80.9844919114013,"SC"
"298",225661,33.5249086623431,-81.74490888313,"SC"
"299",229386,32.3804581077006,-80.8306210022712,"SC"
"300",2378277,33.9097737069908,-84.1845363130342,"GA"
"301",1252663,33.985091184297,-84.7713277544024,"GA"
"302",1047616,33.4086247612799,-84.4301475936431,"GA"
"303",977659,33.7931793951511,-84.3949064143091,"GA"
"304",227077,32.3914359578953,-82.0670109787473,"GA"
"305",663801,34.3935209735026,-83.8226227194566,"GA"
"306",401406,33.931049739837,-83.374915327185,"GA"
"307",369326,34.7565701523586,-85.0794331834964,"GA"
"308",204221,33.4207589329648,-82.2296122693651,"GA"
"309",204805,33.4443948583286,-82.0339485669246,"GA"
"310",542722,32.6293408976585,-83.481464380425,"GA"
"312",164526,32.8441927081616,-83.6699535967568,"GA"
"313",220027,31.9912767635927,-81.4198816328132,"GA"
"314",253006,32.0343624415508,-81.1297578825245,"GA"
"315",340948,31.2992528918985,-82.0423382541208,"GA"
"316",196136,30.9447971615665,-83.2697395904984,"GA"
"317",365250,31.4532284766845,-83.9224936629268,"GA"
"318",89749,32.5905052807162,-84.7698369149963,"GA"
"319",196738,32.4885372568289,-84.9386613289959,"GA"
"320",641556,30.1389445995159,-81.9298783931847,"FL"
"321",594436,29.241947746511,-81.323119381846,"FL"
"322",961701,30.2882108246991,-81.621276201207,"FL"
"323",436246,30.4096678139742,-84.2661334544408,"FL"
"324",356105,30.4132037609581,-85.6288241729939,"FL"
"325",684534,30.5282560184155,-87.0017809912714,"FL"
"326",369673,29.6360454334966,-82.434538348811,"FL"
"327",999418,28.7565790215285,-81.3212801209384,"FL"
"328",979081,28.5083216726798,-81.3478541116424,"FL"
"329",650533,28.0631098472099,-80.6349459694066,"FL"
"330",1752700,25.9322017643807,-80.3206189940075,"FL"
"331",2037351,25.7674149238442,-80.2928163271925,"FL"
"333",824195,26.1346496186,-80.2377439292898,"FL"
"334",1538684,26.6146081324931,-80.1616204499052,"FL"
"335",783352,28.0222651097118,-82.28881295369,"FL"
"336",778810,28.0142901663718,-82.4715439095941,"FL"
"337",756504,27.8561510387969,-82.725036487963,"FL"
"338",750337,27.9357320170577,-81.7574373816272,"FL"
"339",819706,26.6677974402286,-81.8835267927977,"FL"
"341",414978,26.2134171843953,-81.6920799487081,"FL"
"342",822186,27.3198439150083,-82.4331339626642,"FL"
"344",441565,29.0428601922911,-82.2554066446299,"FL"
"346",686227,28.2783142373879,-82.631633447537,"FL"
"347",727815,28.4309168225153,-81.5629173219114,"FL"
"349",469118,27.2793035247614,-80.3956487560593,"FL"
"350",445598,33.512098392504,-86.7346393268529,"AL"
"351",333060,33.5263851896535,-86.6011979571729,"AL"
"352",499128,33.4936910826121,-86.7788433926588,"AL"
"354",233691,33.1787179671019,-87.6194726573638,"AL"
"355",153202,33.9676669968212,-87.6033365446796,"AL"
"356",382897,34.6856824287445,-87.3042134377783,"AL"
"357",236257,34.7485576511384,-86.518360883394,"AL"
"358",196195,34.7184224446189,-86.5878425288514,"AL"
"359",287321,34.2153800252679,-85.9941357576682,"AL"
"360",289562,32.2496966357153,-86.1651232621615,"AL"
"361",210083,32.3457107851468,-86.2355325256399,"AL"
"362",182591,33.6188553048124,-85.7346890846263,"AL"
"363",240777,31.2734524858479,-85.566017608235,"AL"
"364",103510,31.3286277892378,-86.888789078746,"AL"
"365",379229,30.6977331470273,-87.9213708880755,"AL"
"366",286208,30.6694759104253,-88.1746986798272,"AL"
"367",107003,32.3908891793782,-87.3297325086867,"AL"
"368",265958,32.5871719497853,-85.3165789180585,"AL"
"370",985857,36.1900686668219,-86.8389859434776,"TN"
"371",674879,36.0045903121226,-86.547846490159,"TN"
"372",454949,36.1247498567114,-86.7905467346208,"TN"
"373",584838,35.2746129147713,-85.2722882945824,"TN"
"374",206159,35.0526772349497,-85.2448658546268,"TN"
"376",412764,36.4028676511929,-82.370479153417,"TN"
"377",343752,36.0547067630443,-83.8532018667731,"TN"
"378",535626,36.0066824714353,-83.770438663168,"TN"
"379",409720,35.9607873024212,-83.9928493672508,"TN"
"380",426524,35.3972676833144,-89.5952580027197,"TN"
"381",738057,35.1192021831363,-89.9345386637672,"TN"
"382",113941,36.3059283905881,-88.6916112593184,"TN"
"383",285923,35.6313088994939,-88.6119861385723,"TN"
"384",181373,35.4137572848329,-87.2278819203796,"TN"
"385",236155,36.1401886577333,-85.3401647126125,"TN"
"386",419362,34.6821780998803,-89.7857223563413,"MS"
"387",111713,33.5367270285285,-90.8297022250768,"MS"
"388",263679,34.3818433027128,-88.648775491939,"MS"
"389",108511,33.746767201657,-89.9081263136456,"MS"
"390",283363,32.4253058003091,-90.0253663343626,"MS"
"391",289206,32.2440464873689,-90.3680087785765,"MS"
"392",231462,32.3148218629883,-90.2047202541281,"MS"
"393",208070,32.4367374261979,-88.8245385990196,"MS"
"394",371493,31.252692509692,-89.329601278549,"MS"
"395",401656,30.4498192331971,-88.9701945397156,"MS"
"396",129265,31.3196984713805,-90.4965625723746,"MS"
"397",168388,33.5230790315165,-88.6904087394351,"MS"
"398",105726,31.1641252136844,-84.5951406345648,"GA"
"400",259129,38.1314691076954,-85.3765573999012,"KY"
"401",147796,37.8955804963598,-85.969758766198,"KY"
"402",759245,38.1962637430526,-85.686670274254,"KY"
"403",340901,38.0345198432683,-84.3270129269143,"KY"
"404",191386,37.6061841734401,-84.4353968802943,"KY"
"405",316124,38.0195856943668,-84.4765136620282,"KY"
"406",50731,38.2347340038044,-84.8687732213439,"KY"
"407",107767,36.9655473768779,-84.1340758532668,"KY"
"408",33626,36.8671683672753,-83.2590223943675,"KY"
"409",66784,36.8917881805522,-83.7616569966459,"KY"
"410",506456,38.905486425184,-84.5132258541927,"KY"
"411",135258,38.4232681151725,-82.8925131034689,"KY"
"412",48925,37.8799038835156,-82.707071325907,"KY"
"413",32849,37.5724932338275,-83.4731016252245,"KY"
"414",24591,37.8195237028181,-83.1744723084869,"KY"
"415",64714,37.4577912007757,-82.4322421109034,"KY"
"416",38057,37.5380314289618,-82.7494945626035,"KY"
"417",38634,37.2517033807009,-83.2150117819279,"KY"
"418",29407,37.2161640421328,-82.8614573472983,"KY"
"420",222245,36.8870089304551,-88.5277268283021,"KY"
"421",228265,36.9327701459488,-86.2547751882023,"KY"
"422",154293,36.8688697590364,-87.2326105696953,"KY"
"423",172703,37.6014384101376,-87.0804377537796,"KY"
"424",134236,37.51894167283,-87.6190366033553,"KY"
"425",77901,37.1403173872479,-84.6184211013722,"KY"
"426",65550,36.8277568896567,-84.841391124775,"KY"
"427",183667,37.440107261495,-85.7541237853888,"KY"
"430",840772,40.1335672083454,-82.9075484640961,"OH"
"431",426123,39.7670534537211,-82.9338469578408,"OH"
"432",808361,39.9959186633633,-82.9871113864029,"OH"
"433",179234,40.5501428061975,-83.329644656795,"OH"
"434",164450,41.4348618037641,-83.3131168112314,"OH"
"435",294174,41.5163848916424,-84.0016833937092,"OH"
"436",336774,41.664688762541,-83.578342291029,"OH"
"437",192287,39.8915934806721,-81.7784504041459,"OH"
"438",64231,40.2553864559481,-81.8700113027043,"OH"
"439",174692,40.3071599935143,-80.7786172967394,"OH"
"440",853396,41.5180657781534,-81.5826152140026,"OH"
"441",1192357,41.4496867183998,-81.671656142901,"OH"
"442",568371,41.1410859711667,-81.5623857684312,"OH"
"443",270135,41.0684987240528,-81.5305692040794,"OH"
"444",337009,41.1126090707399,-80.7536078137825,"OH"
"445",157638,41.0702800963854,-80.6725038261016,"OH"
"446",453876,40.7353453479673,-81.5153310502759,"OH"
"447",191876,40.8351238055724,-81.3936503511017,"OH"
"448",330901,41.0646499406832,-82.7340425185569,"OH"
"449",90873,40.7498120289855,-82.5371128969001,"OH"
"450",600891,39.4095272233001,-84.4412823936304,"OH"
"451",343625,39.161207547044,-84.015450344099,"OH"
"452",800393,39.1746959927811,-84.4898113963628,"OH"
"453",493891,39.9112855162556,-84.2261091651498,"OH"
"454",479950,39.741614013716,-84.169927411099,"OH"
"455",99375,39.9229726498013,-83.8151653613384,"OH"
"456",342375,38.9352791761986,-82.8235037546316,"OH"
"457",155574,39.3408601858472,-81.8401315686362,"OH"
"458",366152,40.8041046968445,-84.1417439822451,"OH"
"460",553382,40.0584974625629,-86.0269797181025,"IN"
"461",545955,39.6424320166772,-86.204350602253,"IN"
"462",948747,39.7942222789448,-86.1378026604015,"IN"
"463",661682,41.5111713725551,-87.2293660126405,"IN"
"464",131624,41.5503551551237,-87.3338379207895,"IN"
"465",485092,41.5468695021522,-86.0210762289009,"IN"
"466",146108,41.6733401132108,-86.2777590912134,"IN"
"467",331552,41.1951668664583,-85.1978260426298,"IN"
"468",316437,41.0944992865626,-85.1332082222528,"IN"
"469",304681,40.6590533403297,-86.0474174540848,"IN"
"470",116883,39.1682460217482,-85.0337775232326,"IN"
"471",295979,38.387278997368,-85.8792789201329,"IN"
"472",213174,39.069973189601,-85.7630355641354,"IN"
"473",316266,40.0629741111406,-85.2206393550713,"IN"
"474",267395,39.05935771348,-86.5863020331457,"IN"
"475",164859,38.4730250712973,-87.0655659412286,"IN"
"476",127932,38.0785295182284,-87.4586226973236,"IN"
"477",185222,37.99558047185,-87.558585963676,"IN"
"478",185218,39.4535320328316,-87.3246897966126,"IN"
"479",316080,40.4262137848077,-86.9642827160118,"IN"
"480",1153899,42.6130743175945,-82.9541021466679,"MI"
"481",1555681,42.2564391695026,-83.4723076016844,"MI"
"482",887804,42.3926305480241,-83.110544934677,"MI"
"483",1000242,42.6204979766926,-83.2912859406014,"MI"
"484",450187,43.054746530022,-83.5122939230675,"MI"
"485",182724,43.0218866693702,-83.6969770574582,"MI"
"486",396788,43.7030657832495,-84.2336501715777,"MI"
"487",204999,43.7270493818555,-83.662213638847,"MI"
"488",632918,42.9302045300292,-84.5786847752205,"MI"
"489",163030,42.7192621580936,-84.5711328985954,"MI"
"490",748252,42.2289406317417,-85.6046055496638,"MI"
"491",108255,41.8763826961711,-86.3402344175235,"MI"
"492",347798,42.1049975209231,-84.3258986082036,"MI"
"493",340783,43.1288388635818,-85.5579248063548,"MI"
"494",577756,43.0895663248655,-86.0972807106685,"MI"
"495",420852,42.9381653953242,-85.649172192077,"MI"
"496",271228,44.5367494042577,-85.5918725406374,"MI"
"497",223949,45.4272132329995,-84.4734932681235,"MI"
"498",178840,46.1006399373351,-87.3229180188772,"MI"
"499",79546,46.7959073180801,-88.8602850314786,"MI"
"500",246153,41.7774626351497,-93.7113665230812,"IA"
"501",181542,41.6924639507056,-93.3918928308601,"IA"
"502",228557,41.6103192620178,-93.6192981713096,"IA"
"503",300301,41.5994359484917,-93.6458052302157,"IA"
"504",102471,43.157183302915,-93.3090932802256,"IA"
"505",122003,42.6734505393064,-94.3962766601641,"IA"
"506",172181,42.6287371117429,-92.4306574341304,"IA"
"507",78204,42.4725890649455,-92.319081788796,"IA"
"508",32808,40.9994217968788,-94.5051071193307,"IA"
"510",86966,42.6531704445645,-95.9817087572845,"IA"
"511",86383,42.509696822766,-96.3789803007536,"IA"
"512",44380,43.2337593094412,-96.081819883754,"IA"
"513",46620,43.2904372847705,-95.1050891874946,"IA"
"514",47383,42.0939882397484,-95.0878916318511,"IA"
"515",146762,41.3017244505322,-95.6934974652158,"IA"
"516",23143,40.7449890311109,-95.3128360821847,"IA"
"520",143261,42.4769658778802,-90.8453526409281,"IA"
"521",58083,43.2122206118658,-91.7279504979942,"IA"
"522",177596,41.7806877363454,-91.6027799366033,"IA"
"523",162581,41.8987465426095,-91.6870083425923,"IA"
"524",138268,41.9794934307143,-91.6749517157983,"IA"
"525",112172,41.0090323004582,-92.4405209473755,"IA"
"526",103988,40.8071816484594,-91.3453846352945,"IA"
"527",172241,41.6294300159718,-90.687190454015,"IA"
"528",104708,41.5563208206823,-90.6102803888719,"IA"
"530",642874,43.3705989645203,-88.1674021864954,"WI"
"531",690683,42.7897404202956,-88.1542571894762,"WI"
"532",823419,43.0527433431194,-87.9644793743028,"WI"
"534",125869,42.7409303298588,-87.8285672652202,"WI"
"535",559377,42.9292277901469,-89.3594946823716,"WI"
"537",291412,43.0691294353253,-89.3976393994825,"WI"
"538",59921,42.8393411423875,-90.67756191649,"WI"
"539",199739,43.5935205314535,-89.4533841618512,"WI"
"540",148744,45.0304493932932,-92.5576400954459,"WI"
"541",257075,44.6652882936925,-88.1966924299017,"WI"
"542",126521,44.3968389830542,-87.6252218833079,"WI"
"543",182776,44.5170833933996,-88.018731188017,"WI"
"544",387504,44.798609571576,-89.7874505911887,"WI"
"545",87731,45.8339992678415,-89.6754537687249,"WI"
"546",249842,43.9022736252592,-90.9989797798889,"WI"
"547",266469,44.8459808435465,-91.5329601330286,"WI"
"548",177331,46.0275561463365,-91.7687967034585,"WI"
"549",485959,44.1411023682903,-88.6107582557376,"WI"
"550",684097,44.9187134642339,-93.0471949366859,"MN"
"551",793815,44.9525779452706,-93.0925341068334,"MN"
"553",1004765,45.023525919821,-93.6137267935428,"MN"
"554",1080992,44.9966700210575,-93.3060461380417,"MN"
"557",168555,47.1876414009314,-92.781695839014,"MN"
"558",117067,46.847171086899,-92.1264371297206,"MN"
"559",334763,43.9577319454629,-92.3501334330287,"MN"
"560",262062,44.1049130540139,-93.9530249637032,"MN"
"561",89990,43.8590052694633,-95.6360678530837,"MN"
"562",142631,44.9871285634469,-95.5005952847418,"MN"
"563",314357,45.6973322236565,-94.4759577902512,"MN"
"564",146019,46.5382249693122,-94.4478750310165,"MN"
"565",174564,46.7576525806237,-96.179942089165,"MN"
"566",91908,47.7141194811007,-94.5902725778278,"MN"
"567",69606,48.2352657460707,-96.3220957667299,"MN"
"570",182295,43.4939075578486,-96.9467040534134,"SD"
"571",177850,43.5360451029969,-96.7421696856058,"SD"
"572",72022,45.0144252605176,-97.085411796104,"SD"
"573",83269,43.8356344267615,-98.3275140489137,"SD"
"574",61910,45.4152362242287,-98.6493945829268,"SD"
"575",53809,43.894686132803,-100.488388778903,"SD"
"576",21681,45.4081157936903,-101.160781440017,"SD"
"577",202228,44.1011971534703,-103.295997469154,"SD"
"580",88753,46.724596752752,-97.1348450003042,"ND"
"581",120065,46.8543694989048,-96.8305740928997,"ND"
"582",99185,48.021952429692,-97.3220689741897,"ND"
"583",51068,48.3828529412744,-99.4591895983786,"ND"
"584",46222,46.8301642923283,-98.8536368726797,"ND"
"585",149691,46.8316296025012,-100.844098078121,"ND"
"586",48479,46.834295121269,-102.850677680295,"ND"
"587",98371,48.2587170552195,-101.489176759685,"ND"
"588",42765,48.1512436139366,-103.586112673752,"ND"
"590",85991,45.6917583183938,-108.902938416439,"MT"
"591",136413,45.7573258687662,-108.519035660018,"MT"
"592",38734,48.0879441701864,-105.179721814917,"MT"
"593",35317,46.4869497046748,-105.436384553501,"MT"
"594",130169,47.6606312056865,-111.383814692331,"MT"
"595",31199,48.4840048307318,-109.496305308119,"MT"
"596",80534,46.5977092261405,-111.985646316475,"MT"
"597",172578,45.7939895195332,-111.689574769577,"MT"
"598",199595,46.8947402196247,-114.137216952704,"MT"
"599",119915,48.2912209803778,-114.499067983613,"MT"
"600",1649237,42.2071766379599,-87.9919131190363,"IL"
"601",1443048,41.9705805489713,-88.1746274939746,"IL"
"602",79756,42.0452419254727,-87.690913235092,"IL"
"603",63444,41.8882549620137,-87.7952077184131,"IL"
"604",1456317,41.5849754124576,-87.8634807555958,"IL"
"605",1040963,41.742297090546,-88.179250965238,"IL"
"606",2706243,41.8668213536201,-87.6827453376759,"IL"
"607",109339,41.9696969337748,-87.8016618453891,"IL"
"608",154749,41.7640812690098,-87.725545848419,"IL"
"609",164671,40.9884250812104,-87.883327134462,"IL"
"610",304409,42.1775005259273,-89.3883102719236,"IL"
"611",230341,42.2888477881011,-89.050978883056,"IL"
"612",211244,41.4955202731959,-90.4146791566955,"IL"
"613",146566,41.3402971180901,-89.0692760558042,"IL"
"614",143139,40.8569608767562,-90.4093798389816,"IL"
"615",205457,40.6692454406567,-89.6209681983578,"IL"
"616",171791,40.7081015653672,-89.6133279386697,"IL"
"617",237921,40.5177376845928,-88.9424455004602,"IL"
"618",296288,40.1228660630805,-88.1225749292681,"IL"
"619",106133,39.5968927938813,-88.2326132095578,"IL"
"620",302872,38.9343347117363,-90.023422200626,"IL"
"622",458394,38.5180057831494,-89.9018774796747,"IL"
"623",109600,39.978860479115,-91.185369595365,"IL"
"624",148427,39.024748673806,-88.2324216766019,"IL"
"625",180594,39.7451659547161,-89.0931413928979,"IL"
"626",160267,39.8313629623191,-89.9227677322718,"IL"
"627",141817,39.7855134814655,-89.6577380323234,"IL"
"628",208216,38.3147613883227,-88.7573433069409,"IL"
"629",223265,37.6400555286767,-88.9814152150539,"IL"
"630",725892,38.5312461907529,-90.5502995863407,"MO"
"631",920691,38.624153625377,-90.3112564107893,"MO"
"633",508921,38.8408241468833,-90.7700312101387,"MO"
"634",67433,39.8344180273753,-91.6220753679207,"MO"
"635",61404,40.1529787727835,-92.580546087307,"MO"
"636",134572,37.7728159931338,-90.5086953427236,"MO"
"637",128710,37.3709622730402,-89.6792165873825,"MO"
"638",119593,36.5844025600662,-89.772131658174,"MO"
"639",84442,36.8017679032709,-90.5299572023519,"MO"
"640",623478,39.0267556764665,-94.3052937509776,"MO"
"641",569347,39.0986240957588,-94.5562108918392,"MO"
"644",103070,40.0101523039197,-94.6336044640342,"MO"
"645",87129,39.7667911194895,-94.8244769008367,"MO"
"646",71378,39.8327603973633,-93.5560614786489,"MO"
"647",114396,38.1433277989877,-94.1635446549442,"MO"
"648",198261,37.0130286175143,-94.4268982642376,"MO"
"650",156401,38.4016884551441,-92.3844979758441,"MO"
"651",69323,38.5397839767321,-92.2150932289716,"MO"
"652",272750,39.033725328385,-92.3070505190651,"MO"
"653",103836,38.7025504656092,-93.2708699478023,"MO"
"654",94525,37.819651926538,-91.838972144512,"MO"
"655",124005,37.6950637689045,-92.05650454397,"MO"
"656",211606,37.0283350830648,-93.2196382653564,"MO"
"657",295316,37.0618543078262,-93.0763921579494,"MO"
"658",228978,37.190719591939,-93.3028668725423,"MO"
"660",506599,38.9330996363297,-95.0185895810039,"KS"
"661",155507,39.1125793649482,-94.7138244916628,"KS"
"662",390614,38.9553377719283,-94.7009558442196,"KS"
"664",86811,39.1695050531039,-96.3350033622813,"KS"
"665",132970,39.2308422325111,-96.3076039738513,"KS"
"666",163517,39.0364793108668,-95.7284734902732,"KS"
"667",115480,37.5285980140717,-95.0225845981468,"KS"
"668",58960,38.390797761635,-96.2786309257802,"KS"
"669",24385,39.7229247925774,-97.7252144639328,"KS"
"670",185290,37.6031836100167,-97.2895694138216,"KS"
"671",113071,37.6627338043884,-97.428875745169,"KS"
"672",417021,37.6902254512219,-97.3314401321612,"KS"
"673",59330,37.1944945548795,-95.5820896032698,"KS"
"674",135696,38.8446660288439,-97.6454474686358,"KS"
"675",120904,38.1641719448488,-98.3619317176768,"KS"
"676",58953,39.1347390067851,-99.4026882350686,"KS"
"677",30600,39.3900024219935,-101.140731821405,"KS"
"678",117348,37.8676923868409,-100.61439888264,"KS"
"679",30825,37.1114783764477,-101.07839071468,"KS"
"680",210251,41.3077649549015,-96.2457169984733,"NE"
"681",621426,41.2414175613621,-96.0486032711522,"NE"
"683",81125,40.4424819714515,-96.754629559963,"NE"
"684",71514,40.6854872695416,-96.6970227336466,"NE"
"685",285827,40.8034431259048,-96.6732006075983,"NE"
"686",74601,41.4763207152183,-97.4265887117733,"NE"
"687",127062,42.2616368276747,-97.411265283641,"NE"
"688",168375,40.9622961415234,-98.7838854182093,"NE"
"689",72453,40.4598764048004,-98.7058586157095,"NE"
"690",25268,40.3353454492243,-100.837734061144,"NE"
"691",78284,41.1564210852026,-101.341744099573,"NE"
"693",69435,42.0984605445381,-103.30706461145,"NE"
"700",578436,29.9453854816609,-90.1858028959107,"LA"
"701",426774,29.9717730065257,-90.0584743526879,"LA"
"703",280932,29.6773886035126,-90.7698340711987,"LA"
"704",446033,30.4873479895568,-90.1394991851388,"LA"
"705",642161,30.2041067605896,-92.0874409892644,"LA"
"706",270669,30.3180727375983,-93.2383132380953,"LA"
"707",421834,30.4598624520404,-91.0304441738693,"LA"
"708",380879,30.4321181730392,-91.0991258445569,"LA"
"710",178430,32.4963920837976,-93.4947206179734,"LA"
"711",306897,32.4661811651857,-93.7479716715055,"LA"
"712",336571,32.5344507959182,-92.102155586429,"LA"
"713",201624,31.3068225390331,-92.1642886867387,"LA"
"714",191875,31.4851876583817,-92.9167432680183,"LA"
"716",158701,33.816345269406,-91.8812557420117,"AR"
"717",104063,33.3954178040514,-92.8079374280003,"AR"
"718",125604,33.6415819998646,-93.8720885607067,"AR"
"719",171094,34.4395863125884,-93.2784553261716,"AR"
"720",399824,34.9167286396865,-92.2396553871779,"AR"
"721",320960,34.8867498403041,-92.1947190143445,"AR"
"722",217401,34.7283001147373,-92.3771696313449,"AR"
"723",165322,35.2141465306251,-90.4124812258501,"AR"
"724",228619,35.9676538977556,-90.6718338063678,"AR"
"725",105765,35.9165203666998,-91.7825118003688,"AR"
"726",137127,36.2581953034414,-92.9150846461382,"AR"
"727",488802,36.208896424184,-94.1672425903883,"AR"
"728",124909,35.3191994438591,-93.261604546606,"AR"
"729",229625,35.3564271381818,-94.2632813291671,"AR"
"730",736234,35.392790605442,-97.6055400847869,"OK"
"731",678277,35.4615255618059,-97.5313803181871,"OK"
"734",94366,34.1637660708518,-97.0596731082594,"OK"
"735",210553,34.5716816937778,-98.5177324567923,"OK"
"736",60160,35.4243898195479,-99.261666944764,"OK"
"737",109198,36.3621936939413,-98.0502833009487,"OK"
"738",33360,36.4665085296763,-99.4510807140587,"OK"
"739",28837,36.7527228785241,-101.418854312793,"OK"
"739",28837,36.7527228785241,-101.418854312793,"TX"
"740",626200,36.1919288488438,-96.0680942051294,"OK"
"741",421994,36.1140594182666,-95.9265476188003,"OK"
"743",129251,36.5348617763035,-94.9940463968557,"OK"
"744",224707,35.7055631433467,-95.4246768410508,"OK"
"745",84147,34.74358536952,-95.7175556689841,"OK"
"746",54761,36.717108818137,-97.1173807111083,"OK"
"747",90181,33.9991031851388,-95.6808407911756,"OK"
"748",201164,35.2271463988586,-96.7910472512527,"OK"
"749",113175,35.3701173723437,-94.6620592575392,"OK"
"750",2351356,33.0195039121456,-96.7933659266398,"TX"
"751",794881,32.5998460630711,-96.5730007877758,"TX"
"752",1371575,32.8140646134634,-96.7885315192826,"TX"
"754",350268,33.2911172473192,-95.8539406716371,"TX"
"755",127142,33.3619569920797,-94.2687095881534,"TX"
"756",338563,32.5052481149358,-94.6849538224289,"TX"
"757",362990,32.2868374514174,-95.3654517186038,"TX"
"758",126757,31.5344935420687,-95.6855791225021,"TX"
"759",260994,31.3447372868227,-94.470849052894,"TX"
"760",1240949,32.6917406625292,-97.2828407926442,"TX"
"761",995394,32.7643338657858,-97.3385310593785,"TX"
"762",501972,33.2007192539046,-97.2077556309854,"TX"
"763",173930,33.8906536995918,-98.639272448554,"TX"
"764",145933,32.5475509856441,-98.406652683245,"TX"
"765",503579,31.0680415530374,-97.6215800377379,"TX"
"766",160462,31.679015402681,-97.0685003979509,"TX"
"767",181408,31.5532858033769,-97.1590144384757,"TX"
"768",86525,31.4736124007975,-99.230784119503,"TX"
"769",136365,31.3647436196825,-100.607817304272,"TX"
"770",3155878,29.7796040027628,-95.4424730478282,"TX"
"773",1239097,30.2019590302575,-95.3976866708264,"TX"
"774",1217894,29.6743306316625,-95.7523396992021,"TX"
"775",1242710,29.5590617424966,-95.1390743915724,"TX"
"776",273102,30.1012483729376,-94.0112441308486,"TX"
"777",145307,30.0407657848349,-94.1646271929157,"TX"
"778",320659,30.5943794396945,-96.3268245868508,"TX"
"779",172470,28.8975980230823,-96.9537492745927,"TX"
"780",582032,28.5350342166152,-99.1218643054231,"TX"
"781",433970,29.4403878038067,-98.1232257885983,"TX"
"782",1758696,29.4778854148574,-98.5351858904557,"TX"
"783",236613,27.7985932149713,-97.7181544952729,"TX"
"784",323792,27.7140163238499,-97.4112972665785,"TX"
"785",1345518,26.2104587119065,-98.0060733994922,"TX"
"786",1013317,30.3465854925043,-97.803181596606,"TX"
"787",1070203,30.3050446860072,-97.7627474938428,"TX"
"788",181205,29.1894751481416,-100.231231788289,"TX"
"789",68876,29.9250540393751,-96.8880677456734,"TX"
"790",224909,35.2615951185368,-101.687305783855,"TX"
"791",227906,35.203531234351,-101.872447348495,"TX"
"792",32024,34.3215395867162,-100.610390476112,"TX"
"793",147496,33.3613828204087,-102.221264537798,"TX"
"794",272979,33.5456154730107,-101.906952510277,"TX"
"795",93846,32.5881885675682,-100.246260270475,"TX"
"796",132679,32.4427798506772,-99.7667195480671,"TX"
"797",436291,31.8850532201169,-102.304058950134,"TX"
"798",69982,31.2112932096682,-105.610406718956,"TX"
"799",788059,31.7921341051457,-106.345080416081,"TX"
"800",850763,39.7775515898282,-104.922775414064,"CO"
"801",702836,39.514599438041,-104.907644432267,"CO"
"802",1101116,39.7553579719357,-104.976317448202,"CO"
"803",129969,40.0202977807169,-105.268944287261,"CO"
"804",219981,39.756819247735,-105.687955628654,"CO"
"805",547530,40.3949408131025,-105.109135847035,"CO"
"806",282382,40.2379510355653,-104.748579258512,"CO"
"807",68019,40.3770393915965,-103.222657250724,"CO"
"808",119408,38.9174601019948,-104.493160774956,"CO"
"809",571252,38.86551500953,-104.773620432769,"CO"
"810",230859,38.1076588530445,-104.379998999467,"CO"
"811",72821,37.4275828391261,-106.473873996224,"CO"
"812",86578,38.5287986263254,-105.841804013017,"CO"
"813",68812,37.3803390127885,-108.156530592469,"CO"
"814",84067,38.5185086127493,-107.93460969466,"CO"
"815",145770,39.0890543139878,-108.556837809364,"CO"
"816",154440,39.654367703231,-107.240685563954,"CO"
"820",134967,41.2238741078264,-105.060542389458,"WY"
"822",24720,42.2339183305825,-104.526370630825,"WY"
"824",53922,44.4381930619599,-108.775428960239,"WY"
"825",39265,42.9509580517255,-108.480531249484,"WY"
"826",97155,42.9395060276157,-106.362307415954,"WY"
"827",62558,44.1221953336104,-105.386473493638,"WY"
"828",37712,44.7097461209429,-106.828363300753,"WY"
"829",70813,41.4870216906359,-109.659985751331,"WY"
"830",21806,43.6695147829038,-110.694879666055,"WY"
"831",23126,42.6129952306062,-110.724701296117,"WY"
"832",174036,42.930537760245,-112.43206770621,"ID"
"833",192164,42.6758946770363,-114.333492402052,"ID"
"834",208925,43.6839831569176,-111.940474104119,"ID"
"834",208925,43.6839831569176,-111.940474104119,"WY"
"835",69735,46.212782840955,-116.538471554313,"ID"
"836",477479,43.6842314207054,-116.485136551907,"ID"
"837",272677,43.6113230638814,-116.234392148667,"ID"
"838",262290,47.7018362554005,-116.773693433493,"ID"
"840",1387282,40.6485105940342,-111.810360948657,"UT"
"841",617145,40.7022242368957,-111.896807905257,"UT"
"843",187241,41.7254112842593,-111.897202924472,"UT"
"844",197847,41.2379157570345,-112.01235809201,"UT"
"845",55314,38.8037269074737,-110.281442515457,"UT"
"846",304934,40.0116178029803,-111.706454962621,"UT"
"847",243049,37.4006167034343,-113.231376908405,"UT"
"850",1429146,33.5285757030688,-112.092023369978,"AZ"
"851",430134,33.0861584655387,-111.612313425077,"AZ"
"852",1544422,33.4109942265378,-111.816554512853,"AZ"
"853",1371155,33.4386396219632,-112.662331522783,"AZ"
"855",96434,33.3682509338408,-110.344410979333,"AZ"
"856",303074,31.8203045603714,-110.617153319315,"AZ"
"857",895513,32.2388939903452,-110.947728802805,"AZ"
"859",78649,34.2527509879719,-109.911244546542,"AZ"
"860",184796,35.6542890925399,-111.311686082458,"AZ"
"863",219015,34.675677060594,-112.265906585773,"AZ"
"864",197340,35.0020803499747,-114.221886959952,"AZ"
"865",62929,36.0053016746492,-109.50452982404,"AZ"
"870",198528,34.9665115378234,-106.830043679813,"NM"
"871",749836,35.1326999671168,-106.646923408563,"NM"
"873",73143,35.501567104535,-108.690974102047,"NM"
"874",123869,36.7335878449975,-108.202088853773,"NM"
"875",232929,35.8539264189388,-105.973417231118,"NM"
"877",38750,35.9622071358194,-104.87675241649,"NM"
"880",276167,32.2895623176375,-107.006861145684,"NM"
"881",71768,34.3969492834968,-103.321046508249,"NM"
"882",191720,32.9153940448206,-104.033719742797,"NM"
"883",75100,32.9247302749268,-105.918094368748,"NM"
"890",633846,36.1683345791659,-115.113522926056,"NV"
"891",1527625,36.1460792716262,-115.194174170132,"NV"
"894",298459,39.5180497247026,-119.385678324192,"NV"
"895",292888,39.5327187062358,-119.816534409942,"NV"
"897",64786,39.1694102482944,-119.751664958201,"NV"
"898",58685,40.9587073051546,-115.692012594564,"NV"
"900",2485570,34.0368563015019,-118.296982885131,"CA"
"902",1258630,33.9296475665033,-118.293133857341,"CA"
"903",134579,33.9544531515467,-118.349550961302,"CA"
"904",94821,34.0230958568039,-118.48263606082,"CA"
"905",177157,33.8362574365902,-118.332272337954,"CA"
"906",744426,33.9247844279969,-118.037237581568,"CA"
"907",634470,33.8231234098634,-118.185993879648,"CA"
"908",480486,33.8059847795732,-118.170161424402,"CA"
"910",287707,34.1792056830421,-118.106227262882,"CA"
"911",171686,34.152875329229,-118.128257988788,"CA"
"912",211053,34.1697274217424,-118.250990821272,"CA"
"913",1433396,34.2673736254852,-118.563066994465,"CA"
"914",321604,34.1880312226496,-118.455044185405,"CA"
"915",108337,34.1871522574374,-118.322516600635,"CA"
"916",216086,34.175715049633,-118.389121383546,"CA"
"917",1988452,34.0710769846041,-117.826603569521,"CA"
"918",85065,34.0850616762241,-118.13405583475,"CA"
"919",578521,32.673737810885,-117.004638319114,"CA"
"920",1308215,33.0831522244127,-117.136306584922,"CA"
"921",1391666,32.7878520376031,-117.12357345651,"CA"
"922",802394,33.6063126706369,-116.154878661249,"CA"
"923",1167630,34.2695836367419,-117.283062157577,"CA"
"924",248316,34.1575749258848,-117.310833585669,"CA"
"925",1482270,33.7795453717723,-117.234771005139,"CA"
"926",1363423,33.6335652759862,-117.797102765428,"CA"
"927",502087,33.73547905319,-117.876709417372,"CA"
"928",1281648,33.8407715487872,-117.823388310357,"CA"
"930",709822,34.2481306327136,-119.074138406751,"CA"
"931",195305,34.4603891541128,-119.837615083521,"CA"
"932",791061,36.0202481372461,-119.316422436066,"CA"
"933",554795,35.3513419006354,-119.011641505992,"CA"
"934",511501,35.10840108721,-120.540043165532,"CA"
"935",538134,34.9092228628018,-118.136510091202,"CA"
"936",608663,36.8244546180908,-119.836921725626,"CA"
"937",593991,36.7755488206926,-119.792391748237,"CA"
"939",399075,36.5904988961423,-121.627039771314,"CA"
"940",868408,37.5064595387606,-122.262643249511,"CA"
"941",864365,37.7593640251699,-122.439768463479,"CA"
"943",112061,37.4370162752519,-122.134234782342,"CA"
"944",141274,37.5501978528958,-122.30563137331,"CA"
"945",2442014,37.8647710515198,-122.02041713623,"CA"
"946",438386,37.793544440265,-122.220912662131,"CA"
"947",147361,37.8757039285021,-122.272658311677,"CA"
"948",175148,37.9547039379839,-122.336826369744,"CA"
"949",391672,38.0888634755127,-122.593706290876,"CA"
"950",868847,37.1506131393226,-121.859525454977,"CA"
"951",1046717,37.311946104481,-121.856855261568,"CA"
"952",515923,38.0300234086346,-121.247691316433,"CA"
"953",1074900,37.6097157217769,-120.923627483998,"CA"
"954",519822,38.6666189163117,-122.843898331877,"CA"
"955",166011,40.936394110065,-124.06219176807,"CA"
"956",1219313,38.6283233942556,-121.358454807141,"CA"
"957",345054,38.6473340409878,-121.293851892968,"CA"
"958",843546,38.5705961065573,-121.434333048939,"CA"
"959",524439,39.4170013785416,-121.606355327237,"CA"
"960",299093,40.6541883864183,-122.333252853617,"CA"
"961",107849,39.7168919781732,-120.316205748862,"CA"
"970",815425,45.4385173543674,-122.582455938914,"OR"
"971",337860,45.4992333885752,-123.182294027875,"OR"
"972",906895,45.5095159858606,-122.652276160157,"OR"
"973",623094,44.8040184549281,-123.114053427319,"OR"
"974",567639,43.7378141642576,-123.340285752658,"OR"
"975",294955,42.3627693822515,-122.998424419352,"OR"
"976",70819,42.3096916853669,-121.637196345472,"OR"
"977",231023,44.0729459857244,-121.312803922484,"OR"
"978",146207,45.5170682626139,-118.66588977919,"OR"
"979",31181,43.9847260834162,-117.20177369366,"OR"
"980",1473876,47.5646942597498,-122.168774640749,"WA"
"981",955650,47.6080328472663,-122.329555401144,"WA"
"982",923983,48.2742637953978,-122.279165682986,"WA"
"983",749604,47.4086058184655,-122.57024362753,"WA"
"984",421357,47.202595626483,-122.475359984666,"WA"
"985",493842,46.9709041238939,-123.046316754529,"WA"
"986",607987,45.7944060555883,-122.582503831631,"WA"
"988",227613,47.5817609442387,-119.891911242521,"WA"
"989",292948,46.6289165632809,-120.44376686202,"WA"
"990",148394,47.6857910800234,-117.385502260071,"WA"
"991",118236,47.6675054069065,-117.72048909317,"WA"
"992",356602,47.6845802391686,-117.375459387224,"WA"
"993",377604,46.2960806209336,-119.041068871535,"WA"
"994",22300,46.3467616263677,-117.27078102435,"WA"
